case_id,propulsion_case,classification_basis,scope,segment_name,constraint_flag,value,threshold
V05-0001_baseline,baseline_fixed_cycle_turbofan,raw,mission,,low_thrust_margin,1.0,0.0
V05-0001_baseline,baseline_fixed_cycle_turbofan,raw,segment,cruise,low_thrust_margin,-6843.790576914114,0.0
V05-0001_baseline,baseline_fixed_cycle_turbofan,raw,segment,descent,low_thrust_margin,-39897.2915536737,0.0
V05-0001_baseline,baseline_fixed_cycle_turbofan,raw,segment,approach_landing,low_thrust_margin,-104611.55537619304,0.0
V05-0001_baseline,baseline_fixed_cycle_turbofan,corrected,mission,descent,corrected_low_thrust_margin,-39897.2915536737,0.0
V05-0001_adaptive,adaptive_cycle_turbofan,raw,mission,,low_thrust_margin,1.0,0.0
V05-0001_adaptive,adaptive_cycle_turbofan,raw,segment,cruise,low_thrust_margin,-6076.179799731675,0.0
V05-0001_adaptive,adaptive_cycle_turbofan,raw,segment,descent,low_thrust_margin,-39823.36356221416,0.0
V05-0001_adaptive,adaptive_cycle_turbofan,raw,segment,approach_landing,low_thrust_margin,-102980.47687972552,0.0
V05-0001_adaptive,adaptive_cycle_turbofan,corrected,mission,descent,corrected_low_thrust_margin,-39823.36356221416,0.0
V05-0001_hybrid,adaptive_cycle_plus_hybrid_electric,raw,mission,,low_thrust_margin,1.0,0.0
V05-0001_hybrid,adaptive_cycle_plus_hybrid_electric,raw,mission,,unmet_electric_load,1.0,0.0
V05-0001_hybrid,adaptive_cycle_plus_hybrid_electric,raw,segment,climb,low_thrust_margin,-2295.3930659753387,0.0
V05-0001_hybrid,adaptive_cycle_plus_hybrid_electric,raw,segment,cruise,low_thrust_margin,-8150.414414320112,0.0
V05-0001_hybrid,adaptive_cycle_plus_hybrid_electric,raw,segment,descent,low_thrust_margin,-41330.10106467904,0.0
V05-0001_hybrid,adaptive_cycle_plus_hybrid_electric,raw,segment,approach_landing,low_thrust_margin,-146505.56341178864,0.0
V05-0001_hybrid,adaptive_cycle_plus_hybrid_electric,raw,segment,approach_landing,unmet_electric_load,287117.0432304107,0.0
V05-0001_hybrid,adaptive_cycle_plus_hybrid_electric,corrected,mission,descent,corrected_low_thrust_margin,-41330.10106467904,0.0
V05-0002_baseline,baseline_fixed_cycle_turbofan,raw,mission,,low_thrust_margin,1.0,0.0
V05-0002_baseline,baseline_fixed_cycle_turbofan,raw,segment,cruise,low_thrust_margin,-560.1159643785577,0.0
V05-0002_baseline,baseline_fixed_cycle_turbofan,raw,segment,descent,low_thrust_margin,-38233.538181132215,0.0
V05-0002_baseline,baseline_fixed_cycle_turbofan,raw,segment,approach_landing,low_thrust_margin,-95268.98663567337,0.0
V05-0002_baseline,baseline_fixed_cycle_turbofan,corrected,mission,descent,corrected_low_thrust_margin,-38233.538181132215,0.0
V05-0002_adaptive,adaptive_cycle_turbofan,raw,mission,,low_thrust_margin,1.0,0.0
V05-0002_adaptive,adaptive_cycle_turbofan,raw,segment,descent,low_thrust_margin,-38152.16857649371,0.0
V05-0002_adaptive,adaptive_cycle_turbofan,raw,segment,approach_landing,low_thrust_margin,-93441.65628074823,0.0
V05-0002_adaptive,adaptive_cycle_turbofan,corrected,mission,descent,corrected_low_thrust_margin,-38152.16857649371,0.0
V05-0002_hybrid,adaptive_cycle_plus_hybrid_electric,raw,mission,,low_thrust_margin,1.0,0.0
V05-0002_hybrid,adaptive_cycle_plus_hybrid_electric,raw,mission,,unmet_electric_load,1.0,0.0
V05-0002_hybrid,adaptive_cycle_plus_hybrid_electric,raw,segment,cruise,low_thrust_margin,-1783.1800334354411,0.0
V05-0002_hybrid,adaptive_cycle_plus_hybrid_electric,raw,segment,descent,low_thrust_margin,-39660.810574126815,0.0
V05-0002_hybrid,adaptive_cycle_plus_hybrid_electric,raw,segment,approach_landing,low_thrust_margin,-136976.72253097157,0.0
V05-0002_hybrid,adaptive_cycle_plus_hybrid_electric,raw,segment,approach_landing,unmet_electric_load,287117.0432304107,0.0
V05-0002_hybrid,adaptive_cycle_plus_hybrid_electric,corrected,mission,descent,corrected_low_thrust_margin,-39660.810574126815,0.0
V05-0003_baseline,baseline_fixed_cycle_turbofan,raw,mission,,low_thrust_margin,1.0,0.0
V05-0003_baseline,baseline_fixed_cycle_turbofan,raw,segment,descent,low_thrust_margin,-35981.59780710242,0.0
V05-0003_baseline,baseline_fixed_cycle_turbofan,raw,segment,approach_landing,low_thrust_margin,-82567.55882627546,0.0
V05-0003_baseline,baseline_fixed_cycle_turbofan,corrected,mission,descent,corrected_low_thrust_margin,-35981.59780710242,0.0
V05-0003_adaptive,adaptive_cycle_turbofan,raw,mission,,low_thrust_margin,1.0,0.0
V05-0003_adaptive,adaptive_cycle_turbofan,raw,segment,descent,low_thrust_margin,-35889.251551345245,0.0
V05-0003_adaptive,adaptive_cycle_turbofan,raw,segment,approach_landing,low_thrust_margin,-80470.90720288726,0.0
V05-0003_adaptive,adaptive_cycle_turbofan,corrected,mission,descent,corrected_low_thrust_margin,-35889.251551345245,0.0
V05-0003_hybrid,adaptive_cycle_plus_hybrid_electric,raw,mission,,low_thrust_margin,1.0,0.0
V05-0003_hybrid,adaptive_cycle_plus_hybrid_electric,raw,mission,,unmet_electric_load,1.0,0.0
V05-0003_hybrid,adaptive_cycle_plus_hybrid_electric,raw,segment,descent,low_thrust_margin,-37401.987996387536,0.0
V05-0003_hybrid,adaptive_cycle_plus_hybrid_electric,raw,segment,approach_landing,low_thrust_margin,-124030.54698256808,0.0
V05-0003_hybrid,adaptive_cycle_plus_hybrid_electric,raw,segment,approach_landing,unmet_electric_load,287117.0432304107,0.0
V05-0003_hybrid,adaptive_cycle_plus_hybrid_electric,corrected,mission,descent,corrected_low_thrust_margin,-37401.987996387536,0.0
V05-0004_baseline,baseline_fixed_cycle_turbofan,raw,mission,,low_thrust_margin,1.0,0.0
V05-0004_baseline,baseline_fixed_cycle_turbofan,raw,segment,cruise,low_thrust_margin,-6335.562439715046,0.0
V05-0004_baseline,baseline_fixed_cycle_turbofan,raw,segment,descent,low_thrust_margin,-39860.904733480274,0.0
V05-0004_baseline,baseline_fixed_cycle_turbofan,raw,segment,approach_landing,low_thrust_margin,-104412.86717438324,0.0
V05-0004_baseline,baseline_fixed_cycle_turbofan,corrected,mission,descent,corrected_low_thrust_margin,-39860.904733480274,0.0
V05-0004_adaptive,adaptive_cycle_turbofan,raw,mission,,low_thrust_margin,1.0,0.0
V05-0004_adaptive,adaptive_cycle_turbofan,raw,segment,cruise,low_thrust_margin,-5649.549504767259,0.0
V05-0004_adaptive,adaptive_cycle_turbofan,raw,segment,descent,low_thrust_margin,-39792.38123827279,0.0
V05-0004_adaptive,adaptive_cycle_turbofan,raw,segment,approach_landing,low_thrust_margin,-102811.2587453103,0.0
V05-0004_adaptive,adaptive_cycle_turbofan,corrected,mission,descent,corrected_low_thrust_margin,-39792.38123827279,0.0
V05-0004_hybrid,adaptive_cycle_plus_hybrid_electric,raw,mission,,low_thrust_margin,1.0,0.0
V05-0004_hybrid,adaptive_cycle_plus_hybrid_electric,raw,mission,,unmet_electric_load,1.0,0.0
V05-0004_hybrid,adaptive_cycle_plus_hybrid_electric,raw,segment,climb,low_thrust_margin,-1593.8012025885691,0.0
V05-0004_hybrid,adaptive_cycle_plus_hybrid_electric,raw,segment,cruise,low_thrust_margin,-7703.246581882166,0.0
V05-0004_hybrid,adaptive_cycle_plus_hybrid_electric,raw,segment,descent,low_thrust_margin,-41297.75191748103,0.0
V05-0004_hybrid,adaptive_cycle_plus_hybrid_electric,raw,segment,approach_landing,low_thrust_margin,-146329.4045082955,0.0
V05-0004_hybrid,adaptive_cycle_plus_hybrid_electric,raw,segment,approach_landing,unmet_electric_load,287117.0432304107,0.0
V05-0004_hybrid,adaptive_cycle_plus_hybrid_electric,corrected,mission,descent,corrected_low_thrust_margin,-41297.75191748103,0.0
V05-0005_baseline,baseline_fixed_cycle_turbofan,raw,mission,,low_thrust_margin,1.0,0.0
V05-0005_baseline,baseline_fixed_cycle_turbofan,raw,segment,cruise,low_thrust_margin,-7358.102082373298,0.0
V05-0005_baseline,baseline_fixed_cycle_turbofan,raw,segment,descent,low_thrust_margin,-39933.728111399294,0.0
V05-0005_baseline,baseline_fixed_cycle_turbofan,raw,segment,approach_landing,low_thrust_margin,-104810.45243804173,0.0
V05-0005_baseline,baseline_fixed_cycle_turbofan,corrected,mission,descent,corrected_low_thrust_margin,-39933.728111399294,0.0
V05-0005_adaptive,adaptive_cycle_turbofan,raw,mission,,low_thrust_margin,1.0,0.0
V05-0005_adaptive,adaptive_cycle_turbofan,raw,segment,cruise,low_thrust_margin,-6507.248789404141,0.0
V05-0005_adaptive,adaptive_cycle_turbofan,raw,segment,descent,low_thrust_margin,-39854.38219237438,0.0
V05-0005_adaptive,adaptive_cycle_turbofan,raw,segment,approach_landing,low_thrust_margin,-103149.84759186796,0.0
V05-0005_adaptive,adaptive_cycle_turbofan,corrected,mission,descent,corrected_low_thrust_margin,-39854.38219237438,0.0
V05-0005_hybrid,adaptive_cycle_plus_hybrid_electric,raw,mission,,low_thrust_margin,1.0,0.0
V05-0005_hybrid,adaptive_cycle_plus_hybrid_electric,raw,mission,,unmet_electric_load,1.0,0.0
V05-0005_hybrid,adaptive_cycle_plus_hybrid_electric,raw,segment,climb,low_thrust_margin,-3001.636702686461,0.0
V05-0005_hybrid,adaptive_cycle_plus_hybrid_electric,raw,segment,cruise,low_thrust_margin,-8602.011297834455,0.0
V05-0005_hybrid,adaptive_cycle_plus_hybrid_electric,raw,segment,descent,low_thrust_margin,-41362.484843241036,0.0
V05-0005_hybrid,adaptive_cycle_plus_hybrid_electric,raw,segment,approach_landing,low_thrust_margin,-146681.8638944585,0.0
V05-0005_hybrid,adaptive_cycle_plus_hybrid_electric,raw,segment,approach_landing,unmet_electric_load,287117.0432304107,0.0
V05-0005_hybrid,adaptive_cycle_plus_hybrid_electric,corrected,mission,descent,corrected_low_thrust_margin,-41362.484843241036,0.0
V05-0006_baseline,baseline_fixed_cycle_turbofan,raw,mission,,low_thrust_margin,1.0,0.0
V05-0006_baseline,baseline_fixed_cycle_turbofan,raw,segment,cruise,low_thrust_margin,-12981.887413604956,0.0
V05-0006_baseline,baseline_fixed_cycle_turbofan,raw,segment,descent,low_thrust_margin,-39897.2915536737,0.0
V05-0006_baseline,baseline_fixed_cycle_turbofan,raw,segment,approach_landing,low_thrust_margin,-104611.55537619304,0.0
V05-0006_baseline,baseline_fixed_cycle_turbofan,corrected,mission,descent,corrected_low_thrust_margin,-39897.2915536737,0.0
V05-0006_adaptive,adaptive_cycle_turbofan,raw,mission,,low_thrust_margin,1.0,0.0
V05-0006_adaptive,adaptive_cycle_turbofan,raw,segment,cruise,low_thrust_margin,-11780.183164039598,0.0
V05-0006_adaptive,adaptive_cycle_turbofan,raw,segment,descent,low_thrust_margin,-39823.36356221416,0.0
V05-0006_adaptive,adaptive_cycle_turbofan,raw,segment,approach_landing,low_thrust_margin,-102980.47687972552,0.0
V05-0006_adaptive,adaptive_cycle_turbofan,corrected,mission,descent,corrected_low_thrust_margin,-39823.36356221416,0.0
V05-0006_hybrid,adaptive_cycle_plus_hybrid_electric,raw,mission,,low_thrust_margin,1.0,0.0
V05-0006_hybrid,adaptive_cycle_plus_hybrid_electric,raw,mission,,unmet_electric_load,1.0,0.0
V05-0006_hybrid,adaptive_cycle_plus_hybrid_electric,raw,segment,climb,low_thrust_margin,-2295.3930659753387,0.0
V05-0006_hybrid,adaptive_cycle_plus_hybrid_electric,raw,segment,cruise,low_thrust_margin,-14979.083156265857,0.0
V05-0006_hybrid,adaptive_cycle_plus_hybrid_electric,raw,segment,descent,low_thrust_margin,-41330.10106467904,0.0
V05-0006_hybrid,adaptive_cycle_plus_hybrid_electric,raw,segment,approach_landing,low_thrust_margin,-146505.56341178864,0.0
V05-0006_hybrid,adaptive_cycle_plus_hybrid_electric,raw,segment,approach_landing,unmet_electric_load,287117.0432304107,0.0
V05-0006_hybrid,adaptive_cycle_plus_hybrid_electric,corrected,mission,descent,corrected_low_thrust_margin,-41330.10106467904,0.0
V05-0007_baseline,baseline_fixed_cycle_turbofan,raw,mission,,low_thrust_margin,1.0,0.0
V05-0007_baseline,baseline_fixed_cycle_turbofan,raw,segment,cruise,low_thrust_margin,-4090.843043538429,0.0
V05-0007_baseline,baseline_fixed_cycle_turbofan,raw,segment,descent,low_thrust_margin,-39897.2915536737,0.0
V05-0007_baseline,baseline_fixed_cycle_turbofan,raw,segment,approach_landing,low_thrust_margin,-104611.55537619304,0.0
V05-0007_baseline,baseline_fixed_cycle_turbofan,corrected,mission,descent,corrected_low_thrust_margin,-39897.2915536737,0.0
V05-0007_adaptive,adaptive_cycle_turbofan,raw,mission,,low_thrust_margin,1.0,0.0
V05-0007_adaptive,adaptive_cycle_turbofan,raw,segment,cruise,low_thrust_margin,-3049.3660272484485,0.0
V05-0007_adaptive,adaptive_cycle_turbofan,raw,segment,descent,low_thrust_margin,-39823.36356221416,0.0
V05-0007_adaptive,adaptive_cycle_turbofan,raw,segment,approach_landing,low_thrust_margin,-102980.47687972552,0.0
V05-0007_adaptive,adaptive_cycle_turbofan,corrected,mission,descent,corrected_low_thrust_margin,-39823.36356221416,0.0
V05-0007_hybrid,adaptive_cycle_plus_hybrid_electric,raw,mission,,low_thrust_margin,1.0,0.0
V05-0007_hybrid,adaptive_cycle_plus_hybrid_electric,raw,mission,,unmet_electric_load,1.0,0.0
V05-0007_hybrid,adaptive_cycle_plus_hybrid_electric,raw,segment,climb,low_thrust_margin,-2295.3930659753387,0.0
V05-0007_hybrid,adaptive_cycle_plus_hybrid_electric,raw,segment,cruise,low_thrust_margin,-5821.7460205112075,0.0
V05-0007_hybrid,adaptive_cycle_plus_hybrid_electric,raw,segment,descent,low_thrust_margin,-41330.10106467904,0.0
V05-0007_hybrid,adaptive_cycle_plus_hybrid_electric,raw,segment,approach_landing,low_thrust_margin,-146505.56341178864,0.0
V05-0007_hybrid,adaptive_cycle_plus_hybrid_electric,raw,segment,approach_landing,unmet_electric_load,287117.0432304107,0.0
V05-0007_hybrid,adaptive_cycle_plus_hybrid_electric,corrected,mission,descent,corrected_low_thrust_margin,-41330.10106467904,0.0
V05-0008_baseline,baseline_fixed_cycle_turbofan,raw,mission,,low_thrust_margin,1.0,0.0
V05-0008_baseline,baseline_fixed_cycle_turbofan,raw,segment,descent,low_thrust_margin,-39884.83360130622,0.0
V05-0008_baseline,baseline_fixed_cycle_turbofan,raw,segment,approach_landing,low_thrust_margin,-104521.02729188984,0.0
V05-0008_baseline,baseline_fixed_cycle_turbofan,corrected,mission,descent,corrected_low_thrust_margin,-39884.83360130622,0.0
V05-0008_adaptive,adaptive_cycle_turbofan,raw,mission,,low_thrust_margin,1.0,0.0
V05-0008_adaptive,adaptive_cycle_turbofan,raw,segment,descent,low_thrust_margin,-39808.55751455427,0.0
V05-0008_adaptive,adaptive_cycle_turbofan,raw,segment,approach_landing,low_thrust_margin,-102872.83471362563,0.0
V05-0008_adaptive,adaptive_cycle_turbofan,corrected,mission,descent,corrected_low_thrust_margin,-39808.55751455427,0.0
V05-0008_hybrid,adaptive_cycle_plus_hybrid_electric,raw,mission,,low_thrust_margin,1.0,0.0
V05-0008_hybrid,adaptive_cycle_plus_hybrid_electric,raw,mission,,unmet_electric_load,1.0,0.0
V05-0008_hybrid,adaptive_cycle_plus_hybrid_electric,raw,segment,climb,low_thrust_margin,-2144.856804739815,0.0
V05-0008_hybrid,adaptive_cycle_plus_hybrid_electric,raw,segment,descent,low_thrust_margin,-41330.9960986534,0.0
V05-0008_hybrid,adaptive_cycle_plus_hybrid_electric,raw,segment,approach_landing,low_thrust_margin,-146512.07139179952,0.0
V05-0008_hybrid,adaptive_cycle_plus_hybrid_electric,raw,segment,approach_landing,unmet_electric_load,287117.0432304107,0.0
V05-0008_hybrid,adaptive_cycle_plus_hybrid_electric,corrected,mission,descent,corrected_low_thrust_margin,-41330.9960986534,0.0
V05-0009_baseline,baseline_fixed_cycle_turbofan,raw,mission,,low_thrust_margin,1.0,0.0
V05-0009_baseline,baseline_fixed_cycle_turbofan,raw,segment,descent,low_thrust_margin,-39870.64499366417,0.0
V05-0009_baseline,baseline_fixed_cycle_turbofan,raw,segment,approach_landing,low_thrust_margin,-104417.92323798167,0.0
V05-0009_baseline,baseline_fixed_cycle_turbofan,corrected,mission,descent,corrected_low_thrust_margin,-39870.64499366417,0.0
V05-0009_adaptive,adaptive_cycle_turbofan,raw,mission,,low_thrust_margin,1.0,0.0
V05-0009_adaptive,adaptive_cycle_turbofan,raw,segment,descent,low_thrust_margin,-39796.586005933525,0.0
V05-0009_adaptive,adaptive_cycle_turbofan,raw,segment,approach_landing,low_thrust_margin,-102785.80018915544,0.0
V05-0009_adaptive,adaptive_cycle_turbofan,corrected,mission,descent,corrected_low_thrust_margin,-39796.586005933525,0.0
V05-0009_hybrid,adaptive_cycle_plus_hybrid_electric,raw,mission,,low_thrust_margin,1.0,0.0
V05-0009_hybrid,adaptive_cycle_plus_hybrid_electric,raw,mission,,unmet_electric_load,1.0,0.0
V05-0009_hybrid,adaptive_cycle_plus_hybrid_electric,raw,segment,climb,low_thrust_margin,-1727.7481678782206,0.0
V05-0009_hybrid,adaptive_cycle_plus_hybrid_electric,raw,segment,descent,low_thrust_margin,-41312.275521884716,0.0
V05-0009_hybrid,adaptive_cycle_plus_hybrid_electric,raw,segment,approach_landing,low_thrust_margin,-146375.95025438967,0.0
V05-0009_hybrid,adaptive_cycle_plus_hybrid_electric,raw,segment,approach_landing,unmet_electric_load,287117.0432304107,0.0
V05-0009_hybrid,adaptive_cycle_plus_hybrid_electric,corrected,mission,descent,corrected_low_thrust_margin,-41312.275521884716,0.0
V05-0010_baseline,baseline_fixed_cycle_turbofan,raw,mission,,low_thrust_margin,1.0,0.0
V05-0010_baseline,baseline_fixed_cycle_turbofan,raw,segment,cruise,low_thrust_margin,-6843.790576914114,0.0
V05-0010_baseline,baseline_fixed_cycle_turbofan,raw,segment,descent,low_thrust_margin,-39897.2915536737,0.0
V05-0010_baseline,baseline_fixed_cycle_turbofan,raw,segment,approach_landing,low_thrust_margin,-104611.55537619304,0.0
V05-0010_baseline,baseline_fixed_cycle_turbofan,corrected,mission,descent,corrected_low_thrust_margin,-39897.2915536737,0.0
V05-0010_adaptive,adaptive_cycle_turbofan,raw,mission,,low_thrust_margin,1.0,0.0
V05-0010_adaptive,adaptive_cycle_turbofan,raw,segment,cruise,low_thrust_margin,-6076.179799731675,0.0
V05-0010_adaptive,adaptive_cycle_turbofan,raw,segment,descent,low_thrust_margin,-39823.36356221416,0.0
V05-0010_adaptive,adaptive_cycle_turbofan,raw,segment,approach_landing,low_thrust_margin,-102980.47687972552,0.0
V05-0010_adaptive,adaptive_cycle_turbofan,corrected,mission,descent,corrected_low_thrust_margin,-39823.36356221416,0.0
V05-0010_hybrid,adaptive_cycle_plus_hybrid_electric,raw,mission,,low_thrust_margin,1.0,0.0
V05-0010_hybrid,adaptive_cycle_plus_hybrid_electric,raw,mission,,unmet_electric_load,1.0,0.0
V05-0010_hybrid,adaptive_cycle_plus_hybrid_electric,raw,segment,climb,low_thrust_margin,-2295.3930659753387,0.0
V05-0010_hybrid,adaptive_cycle_plus_hybrid_electric,raw,segment,cruise,low_thrust_margin,-8150.414414320112,0.0
V05-0010_hybrid,adaptive_cycle_plus_hybrid_electric,raw,segment,descent,low_thrust_margin,-41330.10106467904,0.0
V05-0010_hybrid,adaptive_cycle_plus_hybrid_electric,raw,segment,approach_landing,low_thrust_margin,-146505.56341178864,0.0
V05-0010_hybrid,adaptive_cycle_plus_hybrid_electric,raw,segment,approach_landing,unmet_electric_load,287117.0432304107,0.0
V05-0010_hybrid,adaptive_cycle_plus_hybrid_electric,corrected,mission,descent,corrected_low_thrust_margin,-41330.10106467904,0.0
V05-0011_baseline,baseline_fixed_cycle_turbofan,raw,mission,,low_thrust_margin,1.0,0.0
V05-0011_baseline,baseline_fixed_cycle_turbofan,raw,segment,cruise,low_thrust_margin,-6843.790576914114,0.0
V05-0011_baseline,baseline_fixed_cycle_turbofan,raw,segment,descent,low_thrust_margin,-39897.2915536737,0.0
V05-0011_baseline,baseline_fixed_cycle_turbofan,raw,segment,approach_landing,low_thrust_margin,-104611.55537619304,0.0
V05-0011_baseline,baseline_fixed_cycle_turbofan,corrected,mission,descent,corrected_low_thrust_margin,-39897.2915536737,0.0
V05-0011_adaptive,adaptive_cycle_turbofan,raw,mission,,low_thrust_margin,1.0,0.0
V05-0011_adaptive,adaptive_cycle_turbofan,raw,segment,cruise,low_thrust_margin,-6076.179799731675,0.0
V05-0011_adaptive,adaptive_cycle_turbofan,raw,segment,descent,low_thrust_margin,-39823.36356221416,0.0
V05-0011_adaptive,adaptive_cycle_turbofan,raw,segment,approach_landing,low_thrust_margin,-102980.47687972552,0.0
V05-0011_adaptive,adaptive_cycle_turbofan,corrected,mission,descent,corrected_low_thrust_margin,-39823.36356221416,0.0
V05-0011_hybrid,adaptive_cycle_plus_hybrid_electric,raw,mission,,low_thrust_margin,1.0,0.0
V05-0011_hybrid,adaptive_cycle_plus_hybrid_electric,raw,mission,,unmet_electric_load,1.0,0.0
V05-0011_hybrid,adaptive_cycle_plus_hybrid_electric,raw,segment,climb,low_thrust_margin,-2295.3930659753387,0.0
V05-0011_hybrid,adaptive_cycle_plus_hybrid_electric,raw,segment,cruise,low_thrust_margin,-8150.414414320112,0.0
V05-0011_hybrid,adaptive_cycle_plus_hybrid_electric,raw,segment,descent,low_thrust_margin,-41330.10106467904,0.0
V05-0011_hybrid,adaptive_cycle_plus_hybrid_electric,raw,segment,approach_landing,low_thrust_margin,-146505.56341178864,0.0
V05-0011_hybrid,adaptive_cycle_plus_hybrid_electric,raw,segment,approach_landing,unmet_electric_load,287117.0432304107,0.0
V05-0011_hybrid,adaptive_cycle_plus_hybrid_electric,corrected,mission,descent,corrected_low_thrust_margin,-41330.10106467904,0.0
V05-0012_baseline,baseline_fixed_cycle_turbofan,raw,mission,,low_thrust_margin,1.0,0.0
V05-0012_baseline,baseline_fixed_cycle_turbofan,raw,segment,cruise,low_thrust_margin,-6843.790576914114,0.0
V05-0012_baseline,baseline_fixed_cycle_turbofan,raw,segment,descent,low_thrust_margin,-39897.2915536737,0.0
V05-0012_baseline,baseline_fixed_cycle_turbofan,raw,segment,approach_landing,low_thrust_margin,-104611.55537619304,0.0
V05-0012_baseline,baseline_fixed_cycle_turbofan,corrected,mission,descent,corrected_low_thrust_margin,-39897.2915536737,0.0
V05-0012_adaptive,adaptive_cycle_turbofan,raw,mission,,low_thrust_margin,1.0,0.0
V05-0012_adaptive,adaptive_cycle_turbofan,raw,segment,cruise,low_thrust_margin,-6076.179799731675,0.0
V05-0012_adaptive,adaptive_cycle_turbofan,raw,segment,descent,low_thrust_margin,-39823.36356221416,0.0
V05-0012_adaptive,adaptive_cycle_turbofan,raw,segment,approach_landing,low_thrust_margin,-102980.47687972552,0.0
V05-0012_adaptive,adaptive_cycle_turbofan,corrected,mission,descent,corrected_low_thrust_margin,-39823.36356221416,0.0
V05-0012_hybrid,adaptive_cycle_plus_hybrid_electric,raw,mission,,low_thrust_margin,1.0,0.0
V05-0012_hybrid,adaptive_cycle_plus_hybrid_electric,raw,segment,cruise,low_thrust_margin,-7634.158078067099,0.0
V05-0012_hybrid,adaptive_cycle_plus_hybrid_electric,raw,segment,descent,low_thrust_margin,-40954.42536436887,0.0
V05-0012_hybrid,adaptive_cycle_plus_hybrid_electric,raw,segment,approach_landing,low_thrust_margin,-111203.93638843574,0.0
V05-0012_hybrid,adaptive_cycle_plus_hybrid_electric,corrected,mission,descent,corrected_low_thrust_margin,-40954.42536436887,0.0
V05-0013_baseline,baseline_fixed_cycle_turbofan,raw,mission,,low_thrust_margin,1.0,0.0
V05-0013_baseline,baseline_fixed_cycle_turbofan,raw,segment,cruise,low_thrust_margin,-6843.790576914114,0.0
V05-0013_baseline,baseline_fixed_cycle_turbofan,raw,segment,descent,low_thrust_margin,-39897.2915536737,0.0
V05-0013_baseline,baseline_fixed_cycle_turbofan,raw,segment,approach_landing,low_thrust_margin,-104611.55537619304,0.0
V05-0013_baseline,baseline_fixed_cycle_turbofan,corrected,mission,descent,corrected_low_thrust_margin,-39897.2915536737,0.0
V05-0013_adaptive,adaptive_cycle_turbofan,raw,mission,,low_thrust_margin,1.0,0.0
V05-0013_adaptive,adaptive_cycle_turbofan,raw,segment,cruise,low_thrust_margin,-6076.179799731675,0.0
V05-0013_adaptive,adaptive_cycle_turbofan,raw,segment,descent,low_thrust_margin,-39823.36356221416,0.0
V05-0013_adaptive,adaptive_cycle_turbofan,raw,segment,approach_landing,low_thrust_margin,-102980.47687972552,0.0
V05-0013_adaptive,adaptive_cycle_turbofan,corrected,mission,descent,corrected_low_thrust_margin,-39823.36356221416,0.0
V05-0013_hybrid,adaptive_cycle_plus_hybrid_electric,raw,mission,,low_thrust_margin,1.0,0.0
V05-0013_hybrid,adaptive_cycle_plus_hybrid_electric,raw,segment,cruise,low_thrust_margin,-7900.755099222719,0.0
V05-0013_hybrid,adaptive_cycle_plus_hybrid_electric,raw,segment,descent,low_thrust_margin,-41148.37325285439,0.0
V05-0013_hybrid,adaptive_cycle_plus_hybrid_electric,raw,segment,approach_landing,low_net_thrust,0.0,0.0
V05-0013_hybrid,adaptive_cycle_plus_hybrid_electric,raw,segment,approach_landing,low_thrust_margin,-178883.55513546648,0.0
V05-0013_hybrid,adaptive_cycle_plus_hybrid_electric,corrected,mission,approach_landing,corrected_low_thrust_margin,-47560.73590853944,0.0
V05-0014_baseline,baseline_fixed_cycle_turbofan,raw,mission,,low_thrust_margin,1.0,0.0
V05-0014_baseline,baseline_fixed_cycle_turbofan,raw,segment,cruise,low_thrust_margin,-6843.790576914114,0.0
V05-0014_baseline,baseline_fixed_cycle_turbofan,raw,segment,descent,low_thrust_margin,-39897.2915536737,0.0
V05-0014_baseline,baseline_fixed_cycle_turbofan,raw,segment,approach_landing,low_thrust_margin,-104611.55537619304,0.0
V05-0014_baseline,baseline_fixed_cycle_turbofan,corrected,mission,descent,corrected_low_thrust_margin,-39897.2915536737,0.0
V05-0014_adaptive,adaptive_cycle_turbofan,raw,mission,,low_thrust_margin,1.0,0.0
V05-0014_adaptive,adaptive_cycle_turbofan,raw,segment,cruise,low_thrust_margin,-6076.179799731675,0.0
V05-0014_adaptive,adaptive_cycle_turbofan,raw,segment,descent,low_thrust_margin,-39823.36356221416,0.0
V05-0014_adaptive,adaptive_cycle_turbofan,raw,segment,approach_landing,low_thrust_margin,-102980.47687972552,0.0
V05-0014_adaptive,adaptive_cycle_turbofan,corrected,mission,descent,corrected_low_thrust_margin,-39823.36356221416,0.0
V05-0014_hybrid,adaptive_cycle_plus_hybrid_electric,raw,mission,,low_thrust_margin,1.0,0.0
V05-0014_hybrid,adaptive_cycle_plus_hybrid_electric,raw,segment,takeoff,low_net_thrust,0.0,0.0
V05-0014_hybrid,adaptive_cycle_plus_hybrid_electric,raw,segment,takeoff,low_thrust_margin,-94120.74726379325,0.0
V05-0014_hybrid,adaptive_cycle_plus_hybrid_electric,raw,segment,climb,low_thrust_margin,-27141.432277446453,0.0
V05-0014_hybrid,adaptive_cycle_plus_hybrid_electric,raw,segment,cruise,low_thrust_margin,-8418.049227788557,0.0
V05-0014_hybrid,adaptive_cycle_plus_hybrid_electric,raw,segment,descent,low_thrust_margin,-41525.020998522,0.0
V05-0014_hybrid,adaptive_cycle_plus_hybrid_electric,raw,segment,approach_landing,low_net_thrust,0.0,0.0
V05-0014_hybrid,adaptive_cycle_plus_hybrid_electric,raw,segment,approach_landing,low_thrust_margin,-160182.61732821786,0.0
V05-0014_hybrid,adaptive_cycle_plus_hybrid_electric,corrected,mission,takeoff,corrected_low_thrust_margin,-94120.74726379325,0.0
V05-0015_baseline,baseline_fixed_cycle_turbofan,raw,mission,,low_thrust_margin,1.0,0.0
V05-0015_baseline,baseline_fixed_cycle_turbofan,raw,segment,cruise,low_thrust_margin,-6843.790576914114,0.0
V05-0015_baseline,baseline_fixed_cycle_turbofan,raw,segment,descent,low_thrust_margin,-39897.2915536737,0.0
V05-0015_baseline,baseline_fixed_cycle_turbofan,raw,segment,approach_landing,low_thrust_margin,-104611.55537619304,0.0
V05-0015_baseline,baseline_fixed_cycle_turbofan,corrected,mission,descent,corrected_low_thrust_margin,-39897.2915536737,0.0
V05-0015_adaptive,adaptive_cycle_turbofan,raw,mission,,low_thrust_margin,1.0,0.0
V05-0015_adaptive,adaptive_cycle_turbofan,raw,segment,cruise,low_thrust_margin,-6076.179799731675,0.0
V05-0015_adaptive,adaptive_cycle_turbofan,raw,segment,descent,low_thrust_margin,-39823.36356221416,0.0
V05-0015_adaptive,adaptive_cycle_turbofan,raw,segment,approach_landing,low_thrust_margin,-102980.47687972552,0.0
V05-0015_adaptive,adaptive_cycle_turbofan,corrected,mission,descent,corrected_low_thrust_margin,-39823.36356221416,0.0
V05-0015_hybrid,adaptive_cycle_plus_hybrid_electric,raw,mission,,low_thrust_margin,1.0,0.0
V05-0015_hybrid,adaptive_cycle_plus_hybrid_electric,raw,mission,,unmet_electric_load,1.0,0.0
V05-0015_hybrid,adaptive_cycle_plus_hybrid_electric,raw,segment,takeoff,low_net_thrust,0.0,0.0
V05-0015_hybrid,adaptive_cycle_plus_hybrid_electric,raw,segment,takeoff,low_thrust_margin,-77057.19997620893,0.0
V05-0015_hybrid,adaptive_cycle_plus_hybrid_electric,raw,segment,climb,low_thrust_margin,-42936.787017167604,0.0
V05-0015_hybrid,adaptive_cycle_plus_hybrid_electric,raw,segment,cruise,low_thrust_margin,-8671.253046871869,0.0
V05-0015_hybrid,adaptive_cycle_plus_hybrid_electric,raw,segment,descent,low_thrust_margin,-41709.53163956947,0.0
V05-0015_hybrid,adaptive_cycle_plus_hybrid_electric,raw,segment,approach_landing,low_net_thrust,56911.91906236186,0.0
V05-0015_hybrid,adaptive_cycle_plus_hybrid_electric,raw,segment,approach_landing,low_thrust_margin,-146459.68075108583,0.0
V05-0015_hybrid,adaptive_cycle_plus_hybrid_electric,raw,segment,approach_landing,unmet_electric_load,56911.91906236186,0.0
V05-0015_hybrid,adaptive_cycle_plus_hybrid_electric,corrected,mission,takeoff,corrected_low_thrust_margin,-77057.19997620893,0.0
V05-0016_baseline,baseline_fixed_cycle_turbofan,raw,mission,,low_thrust_margin,1.0,0.0
V05-0016_baseline,baseline_fixed_cycle_turbofan,raw,segment,cruise,low_thrust_margin,-6843.790576914114,0.0
V05-0016_baseline,baseline_fixed_cycle_turbofan,raw,segment,descent,low_thrust_margin,-39897.2915536737,0.0
V05-0016_baseline,baseline_fixed_cycle_turbofan,raw,segment,approach_landing,low_thrust_margin,-104611.55537619304,0.0
V05-0016_baseline,baseline_fixed_cycle_turbofan,corrected,mission,descent,corrected_low_thrust_margin,-39897.2915536737,0.0
V05-0016_adaptive,adaptive_cycle_turbofan,raw,mission,,low_thrust_margin,1.0,0.0
V05-0016_adaptive,adaptive_cycle_turbofan,raw,segment,cruise,low_thrust_margin,-6076.179799731675,0.0
V05-0016_adaptive,adaptive_cycle_turbofan,raw,segment,descent,low_thrust_margin,-39823.36356221416,0.0
V05-0016_adaptive,adaptive_cycle_turbofan,raw,segment,approach_landing,low_thrust_margin,-102980.47687972552,0.0
V05-0016_adaptive,adaptive_cycle_turbofan,corrected,mission,descent,corrected_low_thrust_margin,-39823.36356221416,0.0
V05-0016_hybrid,adaptive_cycle_plus_hybrid_electric,raw,mission,,low_thrust_margin,1.0,0.0
V05-0016_hybrid,adaptive_cycle_plus_hybrid_electric,raw,mission,,unmet_electric_load,1.0,0.0
V05-0016_hybrid,adaptive_cycle_plus_hybrid_electric,raw,segment,climb,low_thrust_margin,-1898.5074987584085,0.0
V05-0016_hybrid,adaptive_cycle_plus_hybrid_electric,raw,segment,climb,unmet_electric_load,50453.33499661669,0.0
V05-0016_hybrid,adaptive_cycle_plus_hybrid_electric,raw,segment,cruise,low_thrust_margin,-7652.3602659819735,0.0
V05-0016_hybrid,adaptive_cycle_plus_hybrid_electric,raw,segment,descent,low_thrust_margin,-40967.66373910538,0.0
V05-0016_hybrid,adaptive_cycle_plus_hybrid_electric,raw,segment,approach_landing,low_thrust_margin,-148370.73627487203,0.0
V05-0016_hybrid,adaptive_cycle_plus_hybrid_electric,raw,segment,approach_landing,unmet_electric_load,401999.99999999994,0.0
V05-0016_hybrid,adaptive_cycle_plus_hybrid_electric,corrected,mission,descent,corrected_low_thrust_margin,-40967.66373910538,0.0
V05-0017_baseline,baseline_fixed_cycle_turbofan,raw,mission,,low_thrust_margin,1.0,0.0
V05-0017_baseline,baseline_fixed_cycle_turbofan,raw,segment,cruise,low_thrust_margin,-6843.790576914114,0.0
V05-0017_baseline,baseline_fixed_cycle_turbofan,raw,segment,descent,low_thrust_margin,-39897.2915536737,0.0
V05-0017_baseline,baseline_fixed_cycle_turbofan,raw,segment,approach_landing,low_thrust_margin,-104611.55537619304,0.0
V05-0017_baseline,baseline_fixed_cycle_turbofan,corrected,mission,descent,corrected_low_thrust_margin,-39897.2915536737,0.0
V05-0017_adaptive,adaptive_cycle_turbofan,raw,mission,,low_thrust_margin,1.0,0.0
V05-0017_adaptive,adaptive_cycle_turbofan,raw,segment,cruise,low_thrust_margin,-6076.179799731675,0.0
V05-0017_adaptive,adaptive_cycle_turbofan,raw,segment,descent,low_thrust_margin,-39823.36356221416,0.0
V05-0017_adaptive,adaptive_cycle_turbofan,raw,segment,approach_landing,low_thrust_margin,-102980.47687972552,0.0
V05-0017_adaptive,adaptive_cycle_turbofan,corrected,mission,descent,corrected_low_thrust_margin,-39823.36356221416,0.0
V05-0017_hybrid,adaptive_cycle_plus_hybrid_electric,raw,mission,,low_thrust_margin,1.0,0.0
V05-0017_hybrid,adaptive_cycle_plus_hybrid_electric,raw,mission,,unmet_electric_load,1.0,0.0
V05-0017_hybrid,adaptive_cycle_plus_hybrid_electric,raw,segment,climb,low_thrust_margin,-3875.8795322774968,0.0
V05-0017_hybrid,adaptive_cycle_plus_hybrid_electric,raw,segment,cruise,low_thrust_margin,-9163.02470087482,0.0
V05-0017_hybrid,adaptive_cycle_plus_hybrid_electric,raw,segment,descent,low_thrust_margin,-42068.16183832049,0.0
V05-0017_hybrid,adaptive_cycle_plus_hybrid_electric,raw,segment,approach_landing,low_thrust_margin,-140938.0470509431,0.0
V05-0017_hybrid,adaptive_cycle_plus_hybrid_electric,raw,segment,approach_landing,unmet_electric_load,8000.0,0.0
V05-0017_hybrid,adaptive_cycle_plus_hybrid_electric,corrected,mission,descent,corrected_low_thrust_margin,-42068.16183832049,0.0
V05-0018_baseline,baseline_fixed_cycle_turbofan,raw,mission,,low_thrust_margin,1.0,0.0
V05-0018_baseline,baseline_fixed_cycle_turbofan,raw,segment,cruise,low_thrust_margin,-6843.790576914114,0.0
V05-0018_baseline,baseline_fixed_cycle_turbofan,raw,segment,descent,low_thrust_margin,-39897.2915536737,0.0
V05-0018_baseline,baseline_fixed_cycle_turbofan,raw,segment,approach_landing,low_thrust_margin,-104611.55537619304,0.0
V05-0018_baseline,baseline_fixed_cycle_turbofan,corrected,mission,descent,corrected_low_thrust_margin,-39897.2915536737,0.0
V05-0018_adaptive,adaptive_cycle_turbofan,raw,mission,,low_thrust_margin,1.0,0.0
V05-0018_adaptive,adaptive_cycle_turbofan,raw,segment,cruise,low_thrust_margin,-6076.179799731675,0.0
V05-0018_adaptive,adaptive_cycle_turbofan,raw,segment,descent,low_thrust_margin,-39823.36356221416,0.0
V05-0018_adaptive,adaptive_cycle_turbofan,raw,segment,approach_landing,low_thrust_margin,-102980.47687972552,0.0
V05-0018_adaptive,adaptive_cycle_turbofan,corrected,mission,descent,corrected_low_thrust_margin,-39823.36356221416,0.0
V05-0018_hybrid,adaptive_cycle_plus_hybrid_electric,raw,mission,,low_thrust_margin,1.0,0.0
V05-0018_hybrid,adaptive_cycle_plus_hybrid_electric,raw,segment,climb,low_thrust_margin,-11328.547572836469,0.0
V05-0018_hybrid,adaptive_cycle_plus_hybrid_electric,raw,segment,cruise,low_thrust_margin,-8154.049420324212,0.0
V05-0018_hybrid,adaptive_cycle_plus_hybrid_electric,raw,segment,descent,low_thrust_margin,-41332.74771753933,0.0
V05-0018_hybrid,adaptive_cycle_plus_hybrid_electric,raw,segment,approach_landing,low_net_thrust,0.0,0.0
V05-0018_hybrid,adaptive_cycle_plus_hybrid_electric,raw,segment,approach_landing,low_thrust_margin,-169777.62432557126,0.0
V05-0018_hybrid,adaptive_cycle_plus_hybrid_electric,corrected,mission,descent,corrected_low_thrust_margin,-41332.74771753933,0.0
V05-0019_baseline,baseline_fixed_cycle_turbofan,raw,mission,,low_thrust_margin,1.0,0.0
V05-0019_baseline,baseline_fixed_cycle_turbofan,raw,segment,cruise,low_thrust_margin,-6843.790576914114,0.0
V05-0019_baseline,baseline_fixed_cycle_turbofan,raw,segment,descent,low_thrust_margin,-39897.2915536737,0.0
V05-0019_baseline,baseline_fixed_cycle_turbofan,raw,segment,approach_landing,low_thrust_margin,-104611.55537619304,0.0
V05-0019_baseline,baseline_fixed_cycle_turbofan,corrected,mission,descent,corrected_low_thrust_margin,-39897.2915536737,0.0
V05-0019_adaptive,adaptive_cycle_turbofan,raw,mission,,low_thrust_margin,1.0,0.0
V05-0019_adaptive,adaptive_cycle_turbofan,raw,segment,cruise,low_thrust_margin,-6076.179799731675,0.0
V05-0019_adaptive,adaptive_cycle_turbofan,raw,segment,descent,low_thrust_margin,-39823.36356221416,0.0
V05-0019_adaptive,adaptive_cycle_turbofan,raw,segment,approach_landing,low_thrust_margin,-102980.47687972552,0.0
V05-0019_adaptive,adaptive_cycle_turbofan,corrected,mission,descent,corrected_low_thrust_margin,-39823.36356221416,0.0
V05-0019_hybrid,adaptive_cycle_plus_hybrid_electric,raw,mission,,low_thrust_margin,1.0,0.0
V05-0019_hybrid,adaptive_cycle_plus_hybrid_electric,raw,segment,takeoff,low_thrust_margin,-51756.53075580331,0.0
V05-0019_hybrid,adaptive_cycle_plus_hybrid_electric,raw,segment,climb,low_thrust_margin,-11339.028395956804,0.0
V05-0019_hybrid,adaptive_cycle_plus_hybrid_electric,raw,segment,cruise,low_thrust_margin,-8160.740339841621,0.0
V05-0019_hybrid,adaptive_cycle_plus_hybrid_electric,raw,segment,descent,low_thrust_margin,-41337.61943897144,0.0
V05-0019_hybrid,adaptive_cycle_plus_hybrid_electric,raw,segment,approach_landing,low_net_thrust,0.0,0.0
V05-0019_hybrid,adaptive_cycle_plus_hybrid_electric,raw,segment,approach_landing,low_thrust_margin,-169813.04764992965,0.0
V05-0019_hybrid,adaptive_cycle_plus_hybrid_electric,corrected,mission,takeoff,corrected_low_thrust_margin,-51756.53075580331,0.0
V05-0020_baseline,baseline_fixed_cycle_turbofan,raw,mission,,low_thrust_margin,1.0,0.0
V05-0020_baseline,baseline_fixed_cycle_turbofan,raw,segment,cruise,low_thrust_margin,-6843.790576914114,0.0
V05-0020_baseline,baseline_fixed_cycle_turbofan,raw,segment,descent,low_thrust_margin,-39897.2915536737,0.0
V05-0020_baseline,baseline_fixed_cycle_turbofan,raw,segment,approach_landing,low_thrust_margin,-104611.55537619304,0.0
V05-0020_baseline,baseline_fixed_cycle_turbofan,corrected,mission,descent,corrected_low_thrust_margin,-39897.2915536737,0.0
V05-0020_adaptive,adaptive_cycle_turbofan,raw,mission,,low_thrust_margin,1.0,0.0
V05-0020_adaptive,adaptive_cycle_turbofan,raw,segment,cruise,low_thrust_margin,-6076.179799731675,0.0
V05-0020_adaptive,adaptive_cycle_turbofan,raw,segment,descent,low_thrust_margin,-39823.36356221416,0.0
V05-0020_adaptive,adaptive_cycle_turbofan,raw,segment,approach_landing,low_thrust_margin,-102980.47687972552,0.0
V05-0020_adaptive,adaptive_cycle_turbofan,corrected,mission,descent,corrected_low_thrust_margin,-39823.36356221416,0.0
V05-0020_hybrid,adaptive_cycle_plus_hybrid_electric,raw,mission,,low_thrust_margin,1.0,0.0
V05-0020_hybrid,adaptive_cycle_plus_hybrid_electric,raw,segment,takeoff,low_thrust_margin,-51756.53075580331,0.0
V05-0020_hybrid,adaptive_cycle_plus_hybrid_electric,raw,segment,climb,low_thrust_margin,-11339.028395956804,0.0
V05-0020_hybrid,adaptive_cycle_plus_hybrid_electric,raw,segment,cruise,low_thrust_margin,-8160.740339841621,0.0
V05-0020_hybrid,adaptive_cycle_plus_hybrid_electric,raw,segment,descent,low_thrust_margin,-41337.61943897144,0.0
V05-0020_hybrid,adaptive_cycle_plus_hybrid_electric,raw,segment,approach_landing,low_net_thrust,0.0,0.0
V05-0020_hybrid,adaptive_cycle_plus_hybrid_electric,raw,segment,approach_landing,low_thrust_margin,-169813.04764992965,0.0
V05-0020_hybrid,adaptive_cycle_plus_hybrid_electric,corrected,mission,takeoff,corrected_low_thrust_margin,-51756.53075580331,0.0
V05-0021_baseline,baseline_fixed_cycle_turbofan,raw,mission,,low_thrust_margin,1.0,0.0
V05-0021_baseline,baseline_fixed_cycle_turbofan,raw,segment,cruise,low_thrust_margin,-6843.790576914114,0.0
V05-0021_baseline,baseline_fixed_cycle_turbofan,raw,segment,descent,low_thrust_margin,-39897.2915536737,0.0
V05-0021_baseline,baseline_fixed_cycle_turbofan,raw,segment,approach_landing,low_thrust_margin,-104611.55537619304,0.0
V05-0021_baseline,baseline_fixed_cycle_turbofan,corrected,mission,descent,corrected_low_thrust_margin,-39897.2915536737,0.0
V05-0021_adaptive,adaptive_cycle_turbofan,raw,mission,,low_thrust_margin,1.0,0.0
V05-0021_adaptive,adaptive_cycle_turbofan,raw,segment,cruise,low_thrust_margin,-6076.179799731675,0.0
V05-0021_adaptive,adaptive_cycle_turbofan,raw,segment,descent,low_thrust_margin,-39823.36356221416,0.0
V05-0021_adaptive,adaptive_cycle_turbofan,raw,segment,approach_landing,low_thrust_margin,-102980.47687972552,0.0
V05-0021_adaptive,adaptive_cycle_turbofan,corrected,mission,descent,corrected_low_thrust_margin,-39823.36356221416,0.0
V05-0021_hybrid,adaptive_cycle_plus_hybrid_electric,raw,mission,,low_thrust_margin,1.0,0.0
V05-0021_hybrid,adaptive_cycle_plus_hybrid_electric,raw,mission,,unmet_electric_load,1.0,0.0
V05-0021_hybrid,adaptive_cycle_plus_hybrid_electric,raw,segment,climb,low_thrust_margin,-1982.0688639253494,0.0
V05-0021_hybrid,adaptive_cycle_plus_hybrid_electric,raw,segment,cruise,low_thrust_margin,-7950.532675389724,0.0
V05-0021_hybrid,adaptive_cycle_plus_hybrid_electric,raw,segment,descent,low_thrust_margin,-41184.598689549806,0.0
V05-0021_hybrid,adaptive_cycle_plus_hybrid_electric,raw,segment,approach_landing,low_thrust_margin,-145447.59201470713,0.0
V05-0021_hybrid,adaptive_cycle_plus_hybrid_electric,raw,segment,approach_landing,unmet_electric_load,287117.0432304107,0.0
V05-0021_hybrid,adaptive_cycle_plus_hybrid_electric,corrected,mission,descent,corrected_low_thrust_margin,-41184.598689549806,0.0
V05-0022_baseline,baseline_fixed_cycle_turbofan,raw,mission,,low_thrust_margin,1.0,0.0
V05-0022_baseline,baseline_fixed_cycle_turbofan,raw,segment,cruise,low_thrust_margin,-6843.790576914114,0.0
V05-0022_baseline,baseline_fixed_cycle_turbofan,raw,segment,descent,low_thrust_margin,-39897.2915536737,0.0
V05-0022_baseline,baseline_fixed_cycle_turbofan,raw,segment,approach_landing,low_thrust_margin,-104611.55537619304,0.0
V05-0022_baseline,baseline_fixed_cycle_turbofan,corrected,mission,descent,corrected_low_thrust_margin,-39897.2915536737,0.0
V05-0022_adaptive,adaptive_cycle_turbofan,raw,mission,,low_thrust_margin,1.0,0.0
V05-0022_adaptive,adaptive_cycle_turbofan,raw,segment,cruise,low_thrust_margin,-6076.179799731675,0.0
V05-0022_adaptive,adaptive_cycle_turbofan,raw,segment,descent,low_thrust_margin,-39823.36356221416,0.0
V05-0022_adaptive,adaptive_cycle_turbofan,raw,segment,approach_landing,low_thrust_margin,-102980.47687972552,0.0
V05-0022_adaptive,adaptive_cycle_turbofan,corrected,mission,descent,corrected_low_thrust_margin,-39823.36356221416,0.0
V05-0022_hybrid,adaptive_cycle_plus_hybrid_electric,raw,mission,,low_thrust_margin,1.0,0.0
V05-0022_hybrid,adaptive_cycle_plus_hybrid_electric,raw,mission,,unmet_electric_load,1.0,0.0
V05-0022_hybrid,adaptive_cycle_plus_hybrid_electric,raw,segment,climb,low_thrust_margin,-2767.1125510568527,0.0
V05-0022_hybrid,adaptive_cycle_plus_hybrid_electric,raw,segment,cruise,low_thrust_margin,-8451.887221703553,0.0
V05-0022_hybrid,adaptive_cycle_plus_hybrid_electric,raw,segment,descent,low_thrust_margin,-41549.673239622294,0.0
V05-0022_hybrid,adaptive_cycle_plus_hybrid_electric,raw,segment,approach_landing,low_thrust_margin,-148102.1342512753,0.0
V05-0022_hybrid,adaptive_cycle_plus_hybrid_electric,raw,segment,approach_landing,unmet_electric_load,287117.0432304107,0.0
V05-0022_hybrid,adaptive_cycle_plus_hybrid_electric,corrected,mission,descent,corrected_low_thrust_margin,-41549.673239622294,0.0
V05-0023_baseline,baseline_fixed_cycle_turbofan,raw,mission,,low_thrust_margin,1.0,0.0
V05-0023_baseline,baseline_fixed_cycle_turbofan,raw,segment,cruise,low_thrust_margin,-6843.790576914114,0.0
V05-0023_baseline,baseline_fixed_cycle_turbofan,raw,segment,descent,low_thrust_margin,-39897.2915536737,0.0
V05-0023_baseline,baseline_fixed_cycle_turbofan,raw,segment,approach_landing,low_thrust_margin,-104611.55537619304,0.0
V05-0023_baseline,baseline_fixed_cycle_turbofan,corrected,mission,descent,corrected_low_thrust_margin,-39897.2915536737,0.0
V05-0023_adaptive,adaptive_cycle_turbofan,raw,mission,,low_thrust_margin,1.0,0.0
V05-0023_adaptive,adaptive_cycle_turbofan,raw,segment,cruise,low_thrust_margin,-6076.179799731675,0.0
V05-0023_adaptive,adaptive_cycle_turbofan,raw,segment,descent,low_thrust_margin,-39823.36356221416,0.0
V05-0023_adaptive,adaptive_cycle_turbofan,raw,segment,approach_landing,low_thrust_margin,-102980.47687972552,0.0
V05-0023_adaptive,adaptive_cycle_turbofan,corrected,mission,descent,corrected_low_thrust_margin,-39823.36356221416,0.0
V05-0023_hybrid,adaptive_cycle_plus_hybrid_electric,raw,mission,,low_thrust_margin,1.0,0.0
V05-0023_hybrid,adaptive_cycle_plus_hybrid_electric,raw,mission,,unmet_electric_load,1.0,0.0
V05-0023_hybrid,adaptive_cycle_plus_hybrid_electric,raw,segment,climb,low_thrust_margin,-2295.3930659753387,0.0
V05-0023_hybrid,adaptive_cycle_plus_hybrid_electric,raw,segment,cruise,low_thrust_margin,-8150.414414320112,0.0
V05-0023_hybrid,adaptive_cycle_plus_hybrid_electric,raw,segment,descent,low_thrust_margin,-41330.10106467904,0.0
V05-0023_hybrid,adaptive_cycle_plus_hybrid_electric,raw,segment,approach_landing,low_thrust_margin,-146505.56341178864,0.0
V05-0023_hybrid,adaptive_cycle_plus_hybrid_electric,raw,segment,approach_landing,unmet_electric_load,287117.0432304107,0.0
V05-0023_hybrid,adaptive_cycle_plus_hybrid_electric,corrected,mission,descent,corrected_low_thrust_margin,-41330.10106467904,0.0
V05-0024_baseline,baseline_fixed_cycle_turbofan,raw,mission,,low_thrust_margin,1.0,0.0
V05-0024_baseline,baseline_fixed_cycle_turbofan,raw,segment,cruise,low_thrust_margin,-6843.790576914114,0.0
V05-0024_baseline,baseline_fixed_cycle_turbofan,raw,segment,descent,low_thrust_margin,-39897.2915536737,0.0
V05-0024_baseline,baseline_fixed_cycle_turbofan,raw,segment,approach_landing,low_thrust_margin,-104611.55537619304,0.0
V05-0024_baseline,baseline_fixed_cycle_turbofan,corrected,mission,descent,corrected_low_thrust_margin,-39897.2915536737,0.0
V05-0024_adaptive,adaptive_cycle_turbofan,raw,mission,,low_thrust_margin,1.0,0.0
V05-0024_adaptive,adaptive_cycle_turbofan,raw,segment,cruise,low_thrust_margin,-6076.179799731675,0.0
V05-0024_adaptive,adaptive_cycle_turbofan,raw,segment,descent,low_thrust_margin,-39823.36356221416,0.0
V05-0024_adaptive,adaptive_cycle_turbofan,raw,segment,approach_landing,low_thrust_margin,-102980.47687972552,0.0
V05-0024_adaptive,adaptive_cycle_turbofan,corrected,mission,descent,corrected_low_thrust_margin,-39823.36356221416,0.0
V05-0024_hybrid,adaptive_cycle_plus_hybrid_electric,raw,mission,,low_thrust_margin,1.0,0.0
V05-0024_hybrid,adaptive_cycle_plus_hybrid_electric,raw,mission,,unmet_electric_load,1.0,0.0
V05-0024_hybrid,adaptive_cycle_plus_hybrid_electric,raw,segment,climb,low_thrust_margin,-2295.3930659753387,0.0
V05-0024_hybrid,adaptive_cycle_plus_hybrid_electric,raw,segment,cruise,low_thrust_margin,-8150.414414320112,0.0
V05-0024_hybrid,adaptive_cycle_plus_hybrid_electric,raw,segment,descent,low_thrust_margin,-41330.10106467904,0.0
V05-0024_hybrid,adaptive_cycle_plus_hybrid_electric,raw,segment,approach_landing,low_thrust_margin,-146505.56341178864,0.0
V05-0024_hybrid,adaptive_cycle_plus_hybrid_electric,raw,segment,approach_landing,unmet_electric_load,287117.0432304107,0.0
V05-0024_hybrid,adaptive_cycle_plus_hybrid_electric,corrected,mission,descent,corrected_low_thrust_margin,-41330.10106467904,0.0
V05-0025_baseline,baseline_fixed_cycle_turbofan,raw,mission,,low_thrust_margin,1.0,0.0
V05-0025_baseline,baseline_fixed_cycle_turbofan,raw,segment,cruise,low_thrust_margin,-6843.790576914114,0.0
V05-0025_baseline,baseline_fixed_cycle_turbofan,raw,segment,descent,low_thrust_margin,-39897.2915536737,0.0
V05-0025_baseline,baseline_fixed_cycle_turbofan,raw,segment,approach_landing,low_thrust_margin,-104611.55537619304,0.0
V05-0025_baseline,baseline_fixed_cycle_turbofan,corrected,mission,descent,corrected_low_thrust_margin,-39897.2915536737,0.0
V05-0025_adaptive,adaptive_cycle_turbofan,raw,mission,,low_thrust_margin,1.0,0.0
V05-0025_adaptive,adaptive_cycle_turbofan,raw,segment,cruise,low_thrust_margin,-6076.179799731675,0.0
V05-0025_adaptive,adaptive_cycle_turbofan,raw,segment,descent,low_thrust_margin,-39823.36356221416,0.0
V05-0025_adaptive,adaptive_cycle_turbofan,raw,segment,approach_landing,low_thrust_margin,-102980.47687972552,0.0
V05-0025_adaptive,adaptive_cycle_turbofan,corrected,mission,descent,corrected_low_thrust_margin,-39823.36356221416,0.0
V05-0025_hybrid,adaptive_cycle_plus_hybrid_electric,raw,mission,,low_thrust_margin,1.0,0.0
V05-0025_hybrid,adaptive_cycle_plus_hybrid_electric,raw,mission,,unmet_electric_load,1.0,0.0
V05-0025_hybrid,adaptive_cycle_plus_hybrid_electric,raw,segment,climb,low_thrust_margin,-2295.3930659753387,0.0
V05-0025_hybrid,adaptive_cycle_plus_hybrid_electric,raw,segment,cruise,low_thrust_margin,-8150.414414320112,0.0
V05-0025_hybrid,adaptive_cycle_plus_hybrid_electric,raw,segment,descent,low_thrust_margin,-41330.10106467904,0.0
V05-0025_hybrid,adaptive_cycle_plus_hybrid_electric,raw,segment,approach_landing,low_thrust_margin,-146505.56341178864,0.0
V05-0025_hybrid,adaptive_cycle_plus_hybrid_electric,raw,segment,approach_landing,unmet_electric_load,287117.0432304107,0.0
V05-0025_hybrid,adaptive_cycle_plus_hybrid_electric,corrected,mission,descent,corrected_low_thrust_margin,-41330.10106467904,0.0
V05-0026_baseline,baseline_fixed_cycle_turbofan,raw,mission,,low_thrust_margin,1.0,0.0
V05-0026_baseline,baseline_fixed_cycle_turbofan,raw,segment,cruise,low_thrust_margin,-6843.790576914114,0.0
V05-0026_baseline,baseline_fixed_cycle_turbofan,raw,segment,descent,low_thrust_margin,-39897.2915536737,0.0
V05-0026_baseline,baseline_fixed_cycle_turbofan,raw,segment,approach_landing,low_thrust_margin,-104611.55537619304,0.0
V05-0026_baseline,baseline_fixed_cycle_turbofan,corrected,mission,descent,corrected_low_thrust_margin,-39897.2915536737,0.0
V05-0026_adaptive,adaptive_cycle_turbofan,raw,mission,,low_thrust_margin,1.0,0.0
V05-0026_adaptive,adaptive_cycle_turbofan,raw,segment,cruise,low_thrust_margin,-6076.179799731675,0.0
V05-0026_adaptive,adaptive_cycle_turbofan,raw,segment,descent,low_thrust_margin,-39823.36356221416,0.0
V05-0026_adaptive,adaptive_cycle_turbofan,raw,segment,approach_landing,low_thrust_margin,-102980.47687972552,0.0
V05-0026_adaptive,adaptive_cycle_turbofan,corrected,mission,descent,corrected_low_thrust_margin,-39823.36356221416,0.0
V05-0026_hybrid,adaptive_cycle_plus_hybrid_electric,raw,mission,,low_thrust_margin,1.0,0.0
V05-0026_hybrid,adaptive_cycle_plus_hybrid_electric,raw,mission,,unmet_electric_load,1.0,0.0
V05-0026_hybrid,adaptive_cycle_plus_hybrid_electric,raw,segment,climb,low_thrust_margin,-2295.3930659753387,0.0
V05-0026_hybrid,adaptive_cycle_plus_hybrid_electric,raw,segment,cruise,low_thrust_margin,-8150.414414320112,0.0
V05-0026_hybrid,adaptive_cycle_plus_hybrid_electric,raw,segment,descent,low_thrust_margin,-41330.10106467904,0.0
V05-0026_hybrid,adaptive_cycle_plus_hybrid_electric,raw,segment,approach_landing,low_thrust_margin,-146505.56341178864,0.0
V05-0026_hybrid,adaptive_cycle_plus_hybrid_electric,raw,segment,approach_landing,unmet_electric_load,287117.0432304107,0.0
V05-0026_hybrid,adaptive_cycle_plus_hybrid_electric,corrected,mission,descent,corrected_low_thrust_margin,-41330.10106467904,0.0
V05-0027_baseline,baseline_fixed_cycle_turbofan,raw,mission,,low_thrust_margin,1.0,0.0
V05-0027_baseline,baseline_fixed_cycle_turbofan,raw,segment,cruise,low_thrust_margin,-6843.790576914114,0.0
V05-0027_baseline,baseline_fixed_cycle_turbofan,raw,segment,descent,low_thrust_margin,-39897.2915536737,0.0
V05-0027_baseline,baseline_fixed_cycle_turbofan,raw,segment,approach_landing,low_thrust_margin,-104611.55537619304,0.0
V05-0027_baseline,baseline_fixed_cycle_turbofan,corrected,mission,descent,corrected_low_thrust_margin,-39897.2915536737,0.0
V05-0027_adaptive,adaptive_cycle_turbofan,raw,mission,,low_thrust_margin,1.0,0.0
V05-0027_adaptive,adaptive_cycle_turbofan,raw,segment,cruise,low_thrust_margin,-6076.179799731675,0.0
V05-0027_adaptive,adaptive_cycle_turbofan,raw,segment,descent,low_thrust_margin,-39823.36356221416,0.0
V05-0027_adaptive,adaptive_cycle_turbofan,raw,segment,approach_landing,low_thrust_margin,-102980.47687972552,0.0
V05-0027_adaptive,adaptive_cycle_turbofan,corrected,mission,descent,corrected_low_thrust_margin,-39823.36356221416,0.0
V05-0027_hybrid,adaptive_cycle_plus_hybrid_electric,raw,mission,,low_thrust_margin,1.0,0.0
V05-0027_hybrid,adaptive_cycle_plus_hybrid_electric,raw,mission,,unmet_electric_load,1.0,0.0
V05-0027_hybrid,adaptive_cycle_plus_hybrid_electric,raw,segment,climb,low_thrust_margin,-2295.3930659753387,0.0
V05-0027_hybrid,adaptive_cycle_plus_hybrid_electric,raw,segment,cruise,low_thrust_margin,-8150.414414320112,0.0
V05-0027_hybrid,adaptive_cycle_plus_hybrid_electric,raw,segment,descent,low_thrust_margin,-41330.10106467904,0.0
V05-0027_hybrid,adaptive_cycle_plus_hybrid_electric,raw,segment,approach_landing,low_thrust_margin,-146505.56341178864,0.0
V05-0027_hybrid,adaptive_cycle_plus_hybrid_electric,raw,segment,approach_landing,unmet_electric_load,287117.0432304107,0.0
V05-0027_hybrid,adaptive_cycle_plus_hybrid_electric,corrected,mission,descent,corrected_low_thrust_margin,-41330.10106467904,0.0
V05-0028_hybrid,adaptive_cycle_plus_hybrid_electric,raw,mission,,low_thrust_margin,1.0,0.0
V05-0028_hybrid,adaptive_cycle_plus_hybrid_electric,raw,segment,cruise,low_thrust_margin,-4489.378017960771,0.0
V05-0028_hybrid,adaptive_cycle_plus_hybrid_electric,raw,segment,descent,low_thrust_margin,-40596.11857131867,0.0
V05-0028_hybrid,adaptive_cycle_plus_hybrid_electric,raw,segment,approach_landing,low_thrust_margin,-108598.74510943069,0.0
V05-0028_hybrid,adaptive_cycle_plus_hybrid_electric,corrected,mission,descent,corrected_low_thrust_margin,-40596.11857131867,0.0
V05-0029_hybrid,adaptive_cycle_plus_hybrid_electric,raw,mission,,low_thrust_margin,1.0,0.0
V05-0029_hybrid,adaptive_cycle_plus_hybrid_electric,raw,segment,cruise,low_thrust_margin,-4489.378017960771,0.0
V05-0029_hybrid,adaptive_cycle_plus_hybrid_electric,raw,segment,descent,low_thrust_margin,-40596.11857131867,0.0
V05-0029_hybrid,adaptive_cycle_plus_hybrid_electric,raw,segment,approach_landing,low_thrust_margin,-108598.74510943069,0.0
V05-0029_hybrid,adaptive_cycle_plus_hybrid_electric,corrected,mission,descent,corrected_low_thrust_margin,-40596.11857131867,0.0
V05-0030_hybrid,adaptive_cycle_plus_hybrid_electric,raw,mission,,low_thrust_margin,1.0,0.0
V05-0030_hybrid,adaptive_cycle_plus_hybrid_electric,raw,segment,cruise,low_thrust_margin,-4489.378017960771,0.0
V05-0030_hybrid,adaptive_cycle_plus_hybrid_electric,raw,segment,descent,low_thrust_margin,-40596.11857131867,0.0
V05-0030_hybrid,adaptive_cycle_plus_hybrid_electric,raw,segment,approach_landing,low_thrust_margin,-108598.74510943069,0.0
V05-0030_hybrid,adaptive_cycle_plus_hybrid_electric,corrected,mission,descent,corrected_low_thrust_margin,-40596.11857131867,0.0
V05-0031_hybrid,adaptive_cycle_plus_hybrid_electric,raw,mission,,low_thrust_margin,1.0,0.0
V05-0031_hybrid,adaptive_cycle_plus_hybrid_electric,raw,segment,cruise,low_thrust_margin,-4489.378017960771,0.0
V05-0031_hybrid,adaptive_cycle_plus_hybrid_electric,raw,segment,descent,low_thrust_margin,-40596.11857131867,0.0
V05-0031_hybrid,adaptive_cycle_plus_hybrid_electric,raw,segment,approach_landing,low_thrust_margin,-108598.74510943069,0.0
V05-0031_hybrid,adaptive_cycle_plus_hybrid_electric,corrected,mission,descent,corrected_low_thrust_margin,-40596.11857131867,0.0
V05-0032_hybrid,adaptive_cycle_plus_hybrid_electric,raw,mission,,low_thrust_margin,1.0,0.0
V05-0032_hybrid,adaptive_cycle_plus_hybrid_electric,raw,segment,cruise,low_thrust_margin,-6453.077211815427,0.0
V05-0032_hybrid,adaptive_cycle_plus_hybrid_electric,raw,segment,descent,low_thrust_margin,-41684.266795186035,0.0
V05-0032_hybrid,adaptive_cycle_plus_hybrid_electric,raw,segment,approach_landing,low_thrust_margin,-116510.76037826852,0.0
V05-0032_hybrid,adaptive_cycle_plus_hybrid_electric,corrected,mission,descent,corrected_low_thrust_margin,-41684.266795186035,0.0
V05-0033_hybrid,adaptive_cycle_plus_hybrid_electric,raw,mission,,low_thrust_margin,1.0,0.0
V05-0033_hybrid,adaptive_cycle_plus_hybrid_electric,raw,segment,cruise,low_thrust_margin,-6453.077211815427,0.0
V05-0033_hybrid,adaptive_cycle_plus_hybrid_electric,raw,segment,descent,low_thrust_margin,-41684.266795186035,0.0
V05-0033_hybrid,adaptive_cycle_plus_hybrid_electric,raw,segment,approach_landing,low_thrust_margin,-116510.76037826852,0.0
V05-0033_hybrid,adaptive_cycle_plus_hybrid_electric,corrected,mission,descent,corrected_low_thrust_margin,-41684.266795186035,0.0
V05-0034_hybrid,adaptive_cycle_plus_hybrid_electric,raw,mission,,low_thrust_margin,1.0,0.0
V05-0034_hybrid,adaptive_cycle_plus_hybrid_electric,raw,segment,cruise,low_thrust_margin,-6453.077211815427,0.0
V05-0034_hybrid,adaptive_cycle_plus_hybrid_electric,raw,segment,descent,low_thrust_margin,-41684.266795186035,0.0
V05-0034_hybrid,adaptive_cycle_plus_hybrid_electric,raw,segment,approach_landing,low_thrust_margin,-116510.76037826852,0.0
V05-0034_hybrid,adaptive_cycle_plus_hybrid_electric,corrected,mission,descent,corrected_low_thrust_margin,-41684.266795186035,0.0
V05-0035_hybrid,adaptive_cycle_plus_hybrid_electric,raw,mission,,low_thrust_margin,1.0,0.0
V05-0035_hybrid,adaptive_cycle_plus_hybrid_electric,raw,segment,cruise,low_thrust_margin,-6453.077211815427,0.0
V05-0035_hybrid,adaptive_cycle_plus_hybrid_electric,raw,segment,descent,low_thrust_margin,-41684.266795186035,0.0
V05-0035_hybrid,adaptive_cycle_plus_hybrid_electric,raw,segment,approach_landing,low_thrust_margin,-116510.76037826852,0.0
V05-0035_hybrid,adaptive_cycle_plus_hybrid_electric,corrected,mission,descent,corrected_low_thrust_margin,-41684.266795186035,0.0
V05-0036_hybrid,adaptive_cycle_plus_hybrid_electric,raw,mission,,low_thrust_margin,1.0,0.0
V05-0036_hybrid,adaptive_cycle_plus_hybrid_electric,raw,mission,,unmet_electric_load,1.0,0.0
V05-0036_hybrid,adaptive_cycle_plus_hybrid_electric,raw,segment,climb,low_thrust_margin,-10235.83352977081,0.0
V05-0036_hybrid,adaptive_cycle_plus_hybrid_electric,raw,segment,cruise,low_thrust_margin,-4911.203827209603,0.0
V05-0036_hybrid,adaptive_cycle_plus_hybrid_electric,raw,segment,descent,low_thrust_margin,-40826.521503953554,0.0
V05-0036_hybrid,adaptive_cycle_plus_hybrid_electric,raw,segment,approach_landing,low_net_thrust,149610.959531181,0.0
V05-0036_hybrid,adaptive_cycle_plus_hybrid_electric,raw,segment,approach_landing,low_thrust_margin,-171957.77221355223,0.0
V05-0036_hybrid,adaptive_cycle_plus_hybrid_electric,raw,segment,approach_landing,unmet_electric_load,149610.959531181,0.0
V05-0036_hybrid,adaptive_cycle_plus_hybrid_electric,corrected,mission,descent,corrected_low_thrust_margin,-40826.521503953554,0.0
V05-0037_hybrid,adaptive_cycle_plus_hybrid_electric,raw,mission,,low_thrust_margin,1.0,0.0
V05-0037_hybrid,adaptive_cycle_plus_hybrid_electric,raw,mission,,unmet_electric_load,1.0,0.0
V05-0037_hybrid,adaptive_cycle_plus_hybrid_electric,raw,segment,climb,low_thrust_margin,-11015.188105860972,0.0
V05-0037_hybrid,adaptive_cycle_plus_hybrid_electric,raw,segment,cruise,low_thrust_margin,-5564.980493876268,0.0
V05-0037_hybrid,adaptive_cycle_plus_hybrid_electric,raw,segment,descent,low_thrust_margin,-41187.23258168188,0.0
V05-0037_hybrid,adaptive_cycle_plus_hybrid_electric,raw,segment,approach_landing,low_net_thrust,149610.959531181,0.0
V05-0037_hybrid,adaptive_cycle_plus_hybrid_electric,raw,segment,approach_landing,low_thrust_margin,-174580.5012271699,0.0
V05-0037_hybrid,adaptive_cycle_plus_hybrid_electric,raw,segment,approach_landing,unmet_electric_load,149610.959531181,0.0
V05-0037_hybrid,adaptive_cycle_plus_hybrid_electric,corrected,mission,approach_landing,corrected_low_thrust_margin,-41355.94072731005,0.0
V05-0038_hybrid,adaptive_cycle_plus_hybrid_electric,raw,mission,,low_thrust_margin,1.0,0.0
V05-0038_hybrid,adaptive_cycle_plus_hybrid_electric,raw,segment,takeoff,low_thrust_margin,-49559.8411558033,0.0
V05-0038_hybrid,adaptive_cycle_plus_hybrid_electric,raw,segment,climb,low_thrust_margin,-10246.20630853744,0.0
V05-0038_hybrid,adaptive_cycle_plus_hybrid_electric,raw,segment,cruise,low_thrust_margin,-4919.937170664911,0.0
V05-0038_hybrid,adaptive_cycle_plus_hybrid_electric,raw,segment,descent,low_thrust_margin,-40831.31102478136,0.0
V05-0038_hybrid,adaptive_cycle_plus_hybrid_electric,raw,segment,approach_landing,low_net_thrust,0.0,0.0
V05-0038_hybrid,adaptive_cycle_plus_hybrid_electric,raw,segment,approach_landing,low_thrust_margin,-166131.65489473857,0.0
V05-0038_hybrid,adaptive_cycle_plus_hybrid_electric,corrected,mission,takeoff,corrected_low_thrust_margin,-49559.8411558033,0.0
V05-0039_hybrid,adaptive_cycle_plus_hybrid_electric,raw,mission,,low_thrust_margin,1.0,0.0
V05-0039_hybrid,adaptive_cycle_plus_hybrid_electric,raw,segment,takeoff,low_thrust_margin,-51128.90515580331,0.0
V05-0039_hybrid,adaptive_cycle_plus_hybrid_electric,raw,segment,climb,low_thrust_margin,-11025.638059165969,0.0
V05-0039_hybrid,adaptive_cycle_plus_hybrid_electric,raw,segment,cruise,low_thrust_margin,-5573.713837331583,0.0
V05-0039_hybrid,adaptive_cycle_plus_hybrid_electric,raw,segment,descent,low_thrust_margin,-41192.08081722705,0.0
V05-0039_hybrid,adaptive_cycle_plus_hybrid_electric,raw,segment,approach_landing,low_net_thrust,0.0,0.0
V05-0039_hybrid,adaptive_cycle_plus_hybrid_electric,raw,segment,approach_landing,low_thrust_margin,-168754.81198587024,0.0
V05-0039_hybrid,adaptive_cycle_plus_hybrid_electric,corrected,mission,takeoff,corrected_low_thrust_margin,-51128.90515580331,0.0
V05-0040_hybrid,adaptive_cycle_plus_hybrid_electric,raw,mission,,low_thrust_margin,1.0,0.0
V05-0040_hybrid,adaptive_cycle_plus_hybrid_electric,raw,segment,climb,low_thrust_margin,-12591.22907810651,0.0
V05-0040_hybrid,adaptive_cycle_plus_hybrid_electric,raw,segment,cruise,low_thrust_margin,-6872.533827209605,0.0
V05-0040_hybrid,adaptive_cycle_plus_hybrid_electric,raw,segment,descent,low_thrust_margin,-41921.84085963268,0.0
V05-0040_hybrid,adaptive_cycle_plus_hybrid_electric,raw,segment,approach_landing,low_net_thrust,0.0,0.0
V05-0040_hybrid,adaptive_cycle_plus_hybrid_electric,raw,segment,approach_landing,low_thrust_margin,-174061.1553583963,0.0
V05-0040_hybrid,adaptive_cycle_plus_hybrid_electric,corrected,mission,descent,corrected_low_thrust_margin,-41921.84085963268,0.0
V05-0041_hybrid,adaptive_cycle_plus_hybrid_electric,raw,mission,,low_thrust_margin,1.0,0.0
V05-0041_hybrid,adaptive_cycle_plus_hybrid_electric,raw,segment,climb,low_thrust_margin,-13387.91547426187,0.0
V05-0041_hybrid,adaptive_cycle_plus_hybrid_electric,raw,segment,cruise,low_thrust_margin,-7526.310493876263,0.0
V05-0041_hybrid,adaptive_cycle_plus_hybrid_electric,raw,segment,descent,low_thrust_margin,-42295.73805985517,0.0
V05-0041_hybrid,adaptive_cycle_plus_hybrid_electric,raw,segment,approach_landing,low_net_thrust,0.0,0.0
V05-0041_hybrid,adaptive_cycle_plus_hybrid_electric,raw,segment,approach_landing,low_thrust_margin,-176780.02181065746,0.0
V05-0041_hybrid,adaptive_cycle_plus_hybrid_electric,corrected,mission,descent,corrected_low_thrust_margin,-42295.73805985517,0.0
V05-0042_hybrid,adaptive_cycle_plus_hybrid_electric,raw,mission,,low_thrust_margin,1.0,0.0
V05-0042_hybrid,adaptive_cycle_plus_hybrid_electric,raw,segment,takeoff,low_thrust_margin,-54267.03315580331,0.0
V05-0042_hybrid,adaptive_cycle_plus_hybrid_electric,raw,segment,climb,low_thrust_margin,-12601.833380488228,0.0
V05-0042_hybrid,adaptive_cycle_plus_hybrid_electric,raw,segment,cruise,low_thrust_margin,-6881.26717066492,0.0
V05-0042_hybrid,adaptive_cycle_plus_hybrid_electric,raw,segment,descent,low_thrust_margin,-41926.80652461255,0.0
V05-0042_hybrid,adaptive_cycle_plus_hybrid_electric,raw,segment,approach_landing,low_net_thrust,0.0,0.0
V05-0042_hybrid,adaptive_cycle_plus_hybrid_electric,raw,segment,approach_landing,low_thrust_margin,-174097.26360677712,0.0
V05-0042_hybrid,adaptive_cycle_plus_hybrid_electric,corrected,mission,takeoff,corrected_low_thrust_margin,-54267.03315580331,0.0
V05-0043_hybrid,adaptive_cycle_plus_hybrid_electric,raw,mission,,low_thrust_margin,1.0,0.0
V05-0043_hybrid,adaptive_cycle_plus_hybrid_electric,raw,segment,takeoff,low_thrust_margin,-55836.09715580329,0.0
V05-0043_hybrid,adaptive_cycle_plus_hybrid_electric,raw,segment,climb,low_thrust_margin,-13398.596951181986,0.0
V05-0043_hybrid,adaptive_cycle_plus_hybrid_electric,raw,segment,cruise,low_thrust_margin,-7535.043837331577,0.0
V05-0043_hybrid,adaptive_cycle_plus_hybrid_electric,raw,segment,descent,low_thrust_margin,-42300.762439552374,0.0
V05-0043_hybrid,adaptive_cycle_plus_hybrid_electric,raw,segment,approach_landing,low_net_thrust,0.0,0.0
V05-0043_hybrid,adaptive_cycle_plus_hybrid_electric,raw,segment,approach_landing,low_thrust_margin,-176816.55813655237,0.0
V05-0043_hybrid,adaptive_cycle_plus_hybrid_electric,corrected,mission,takeoff,corrected_low_thrust_margin,-55836.09715580329,0.0
V05-0044_hybrid,adaptive_cycle_plus_hybrid_electric,raw,mission,,low_thrust_margin,1.0,0.0
V05-0044_hybrid,adaptive_cycle_plus_hybrid_electric,raw,mission,,unmet_electric_load,1.0,0.0
V05-0044_hybrid,adaptive_cycle_plus_hybrid_electric,raw,segment,takeoff,unmet_electric_load,34833.333333333336,0.0
V05-0044_hybrid,adaptive_cycle_plus_hybrid_electric,raw,segment,climb,low_thrust_margin,-10022.458793211612,0.0
V05-0044_hybrid,adaptive_cycle_plus_hybrid_electric,raw,segment,climb,unmet_electric_load,607261.0460236444,0.0
V05-0044_hybrid,adaptive_cycle_plus_hybrid_electric,raw,segment,cruise,low_thrust_margin,-5303.469827209599,0.0
V05-0044_hybrid,adaptive_cycle_plus_hybrid_electric,raw,segment,descent,low_thrust_margin,-41042.420705690776,0.0
V05-0044_hybrid,adaptive_cycle_plus_hybrid_electric,raw,segment,approach_landing,low_net_thrust,804000.0,0.0
V05-0044_hybrid,adaptive_cycle_plus_hybrid_electric,raw,segment,approach_landing,low_thrust_margin,-178269.8664258883,0.0
V05-0044_hybrid,adaptive_cycle_plus_hybrid_electric,raw,segment,approach_landing,unmet_electric_load,804000.0,0.0
V05-0044_hybrid,adaptive_cycle_plus_hybrid_electric,corrected,mission,approach_landing,corrected_low_thrust_margin,-47502.78714763286,0.0
V05-0045_hybrid,adaptive_cycle_plus_hybrid_electric,raw,mission,,low_thrust_margin,1.0,0.0
V05-0045_hybrid,adaptive_cycle_plus_hybrid_electric,raw,mission,,unmet_electric_load,1.0,0.0
V05-0045_hybrid,adaptive_cycle_plus_hybrid_electric,raw,segment,takeoff,unmet_electric_load,34833.333333333336,0.0
V05-0045_hybrid,adaptive_cycle_plus_hybrid_electric,raw,segment,climb,low_thrust_margin,-11593.877946773107,0.0
V05-0045_hybrid,adaptive_cycle_plus_hybrid_electric,raw,segment,climb,unmet_electric_load,607261.0460236444,0.0
V05-0045_hybrid,adaptive_cycle_plus_hybrid_electric,raw,segment,cruise,low_thrust_margin,-6611.023160542936,0.0
V05-0045_hybrid,adaptive_cycle_plus_hybrid_electric,raw,segment,descent,low_thrust_margin,-41773.512684309826,0.0
V05-0045_hybrid,adaptive_cycle_plus_hybrid_electric,raw,segment,approach_landing,low_net_thrust,804000.0,0.0
V05-0045_hybrid,adaptive_cycle_plus_hybrid_electric,raw,segment,approach_landing,low_thrust_margin,-183585.82524146215,0.0
V05-0045_hybrid,adaptive_cycle_plus_hybrid_electric,raw,segment,approach_landing,unmet_electric_load,804000.0,0.0
V05-0045_hybrid,adaptive_cycle_plus_hybrid_electric,corrected,mission,approach_landing,corrected_low_thrust_margin,-49400.08368561877,0.0
V05-0046_hybrid,adaptive_cycle_plus_hybrid_electric,raw,mission,,low_thrust_margin,1.0,0.0
V05-0046_hybrid,adaptive_cycle_plus_hybrid_electric,raw,mission,,unmet_electric_load,1.0,0.0
V05-0046_hybrid,adaptive_cycle_plus_hybrid_electric,raw,segment,takeoff,low_net_thrust,0.0,0.0
V05-0046_hybrid,adaptive_cycle_plus_hybrid_electric,raw,segment,takeoff,low_thrust_margin,-74232.88477620891,0.0
V05-0046_hybrid,adaptive_cycle_plus_hybrid_electric,raw,segment,climb,low_thrust_margin,-41522.93737517399,0.0
V05-0046_hybrid,adaptive_cycle_plus_hybrid_electric,raw,segment,cruise,low_thrust_margin,-5321.038630348623,0.0
V05-0046_hybrid,adaptive_cycle_plus_hybrid_electric,raw,segment,descent,low_thrust_margin,-41052.12741742075,0.0
V05-0046_hybrid,adaptive_cycle_plus_hybrid_electric,raw,segment,approach_landing,low_net_thrust,222248.2108285679,0.0
V05-0046_hybrid,adaptive_cycle_plus_hybrid_electric,raw,segment,approach_landing,low_thrust_margin,-153553.9884493109,0.0
V05-0046_hybrid,adaptive_cycle_plus_hybrid_electric,raw,segment,approach_landing,unmet_electric_load,222248.2108285679,0.0
V05-0046_hybrid,adaptive_cycle_plus_hybrid_electric,corrected,mission,takeoff,corrected_low_thrust_margin,-74232.88477620891,0.0
V05-0047_hybrid,adaptive_cycle_plus_hybrid_electric,raw,mission,,low_thrust_margin,1.0,0.0
V05-0047_hybrid,adaptive_cycle_plus_hybrid_electric,raw,mission,,unmet_electric_load,1.0,0.0
V05-0047_hybrid,adaptive_cycle_plus_hybrid_electric,raw,segment,takeoff,low_net_thrust,0.0,0.0
V05-0047_hybrid,adaptive_cycle_plus_hybrid_electric,raw,segment,takeoff,low_thrust_margin,-77371.01277620891,0.0
V05-0047_hybrid,adaptive_cycle_plus_hybrid_electric,raw,segment,climb,low_thrust_margin,-43095.03687650457,0.0
V05-0047_hybrid,adaptive_cycle_plus_hybrid_electric,raw,segment,cruise,low_thrust_margin,-6628.59196368196,0.0
V05-0047_hybrid,adaptive_cycle_plus_hybrid_electric,raw,segment,descent,low_thrust_margin,-41783.45562797449,0.0
V05-0047_hybrid,adaptive_cycle_plus_hybrid_electric,raw,segment,approach_landing,low_net_thrust,222248.2108285679,0.0
V05-0047_hybrid,adaptive_cycle_plus_hybrid_electric,raw,segment,approach_landing,low_thrust_margin,-158871.66958569144,0.0
V05-0047_hybrid,adaptive_cycle_plus_hybrid_electric,raw,segment,approach_landing,unmet_electric_load,222248.2108285679,0.0
V05-0047_hybrid,adaptive_cycle_plus_hybrid_electric,corrected,mission,takeoff,corrected_low_thrust_margin,-77371.01277620891,0.0
V05-0048_hybrid,adaptive_cycle_plus_hybrid_electric,raw,mission,,low_thrust_margin,1.0,0.0
V05-0048_hybrid,adaptive_cycle_plus_hybrid_electric,raw,mission,,unmet_electric_load,1.0,0.0
V05-0048_hybrid,adaptive_cycle_plus_hybrid_electric,raw,segment,takeoff,unmet_electric_load,34833.333333333336,0.0
V05-0048_hybrid,adaptive_cycle_plus_hybrid_electric,raw,segment,climb,low_thrust_margin,-10532.79341180058,0.0
V05-0048_hybrid,adaptive_cycle_plus_hybrid_electric,raw,segment,climb,unmet_electric_load,363912.5868589788,0.0
V05-0048_hybrid,adaptive_cycle_plus_hybrid_electric,raw,segment,cruise,low_thrust_margin,-7264.799827209608,0.0
V05-0048_hybrid,adaptive_cycle_plus_hybrid_electric,raw,segment,descent,low_thrust_margin,-42145.651734866406,0.0
V05-0048_hybrid,adaptive_cycle_plus_hybrid_electric,raw,segment,approach_landing,low_net_thrust,551339.5838660474,0.0
V05-0048_hybrid,adaptive_cycle_plus_hybrid_electric,raw,segment,approach_landing,low_thrust_margin,-176394.01641216702,0.0
V05-0048_hybrid,adaptive_cycle_plus_hybrid_electric,raw,segment,approach_landing,unmet_electric_load,551339.5838660474,0.0
V05-0048_hybrid,adaptive_cycle_plus_hybrid_electric,corrected,mission,descent,corrected_low_thrust_margin,-42145.651734866406,0.0
V05-0049_hybrid,adaptive_cycle_plus_hybrid_electric,raw,mission,,low_thrust_margin,1.0,0.0
V05-0049_hybrid,adaptive_cycle_plus_hybrid_electric,raw,mission,,unmet_electric_load,1.0,0.0
V05-0049_hybrid,adaptive_cycle_plus_hybrid_electric,raw,segment,takeoff,unmet_electric_load,34833.333333333336,0.0
V05-0049_hybrid,adaptive_cycle_plus_hybrid_electric,raw,segment,climb,low_thrust_margin,-12138.87620549246,0.0
V05-0049_hybrid,adaptive_cycle_plus_hybrid_electric,raw,segment,climb,unmet_electric_load,363912.5868589788,0.0
V05-0049_hybrid,adaptive_cycle_plus_hybrid_electric,raw,segment,cruise,low_thrust_margin,-8572.35316054293,0.0
V05-0049_hybrid,adaptive_cycle_plus_hybrid_electric,raw,segment,descent,low_thrust_margin,-42903.11595847373,0.0
V05-0049_hybrid,adaptive_cycle_plus_hybrid_electric,raw,segment,approach_landing,low_net_thrust,551339.5838660474,0.0
V05-0049_hybrid,adaptive_cycle_plus_hybrid_electric,raw,segment,approach_landing,low_thrust_margin,-181902.25010502798,0.0
V05-0049_hybrid,adaptive_cycle_plus_hybrid_electric,raw,segment,approach_landing,unmet_electric_load,551339.5838660474,0.0
V05-0049_hybrid,adaptive_cycle_plus_hybrid_electric,corrected,mission,descent,corrected_low_thrust_margin,-42903.11595847373,0.0
V05-0050_hybrid,adaptive_cycle_plus_hybrid_electric,raw,mission,,low_thrust_margin,1.0,0.0
V05-0050_hybrid,adaptive_cycle_plus_hybrid_electric,raw,segment,takeoff,low_net_thrust,0.0,0.0
V05-0050_hybrid,adaptive_cycle_plus_hybrid_electric,raw,segment,takeoff,low_thrust_margin,-78940.07677620892,0.0
V05-0050_hybrid,adaptive_cycle_plus_hybrid_electric,raw,segment,climb,low_thrust_margin,-43889.75253720247,0.0
V05-0050_hybrid,adaptive_cycle_plus_hybrid_electric,raw,segment,cruise,low_thrust_margin,-7282.368630348625,0.0
V05-0050_hybrid,adaptive_cycle_plus_hybrid_electric,raw,segment,descent,low_thrust_margin,-42155.71279449845,0.0
V05-0050_hybrid,adaptive_cycle_plus_hybrid_electric,raw,segment,approach_landing,low_net_thrust,0.0,0.0
V05-0050_hybrid,adaptive_cycle_plus_hybrid_electric,raw,segment,approach_landing,low_thrust_margin,-145616.71237149564,0.0
V05-0050_hybrid,adaptive_cycle_plus_hybrid_electric,corrected,mission,takeoff,corrected_low_thrust_margin,-78940.07677620892,0.0
V05-0051_hybrid,adaptive_cycle_plus_hybrid_electric,raw,mission,,low_thrust_margin,1.0,0.0
V05-0051_hybrid,adaptive_cycle_plus_hybrid_electric,raw,segment,takeoff,low_net_thrust,0.0,0.0
V05-0051_hybrid,adaptive_cycle_plus_hybrid_electric,raw,segment,takeoff,low_thrust_margin,-82078.20477620892,0.0
V05-0051_hybrid,adaptive_cycle_plus_hybrid_electric,raw,segment,climb,low_thrust_margin,-45496.51567866343,0.0
V05-0051_hybrid,adaptive_cycle_plus_hybrid_electric,raw,segment,cruise,low_thrust_margin,-8589.921963681954,0.0
V05-0051_hybrid,adaptive_cycle_plus_hybrid_electric,raw,segment,descent,low_thrust_margin,-42913.41325004051,0.0
V05-0051_hybrid,adaptive_cycle_plus_hybrid_electric,raw,segment,approach_landing,low_net_thrust,0.0,0.0
V05-0051_hybrid,adaptive_cycle_plus_hybrid_electric,raw,segment,approach_landing,low_thrust_margin,-151126.66838516324,0.0
V05-0051_hybrid,adaptive_cycle_plus_hybrid_electric,corrected,mission,takeoff,corrected_low_thrust_margin,-82078.20477620892,0.0
V05-0052_hybrid,adaptive_cycle_plus_hybrid_electric,raw,mission,,low_thrust_margin,1.0,0.0
V05-0052_hybrid,adaptive_cycle_plus_hybrid_electric,raw,segment,descent,low_thrust_margin,-40574.13004634717,0.0
V05-0052_hybrid,adaptive_cycle_plus_hybrid_electric,raw,segment,approach_landing,low_thrust_margin,-108438.87295227003,0.0
V05-0052_hybrid,adaptive_cycle_plus_hybrid_electric,corrected,mission,descent,corrected_low_thrust_margin,-40574.13004634717,0.0
V05-0053_hybrid,adaptive_cycle_plus_hybrid_electric,raw,mission,,low_thrust_margin,1.0,0.0
V05-0053_hybrid,adaptive_cycle_plus_hybrid_electric,raw,segment,descent,low_thrust_margin,-40574.13004634717,0.0
V05-0053_hybrid,adaptive_cycle_plus_hybrid_electric,raw,segment,approach_landing,low_thrust_margin,-108438.87295227003,0.0
V05-0053_hybrid,adaptive_cycle_plus_hybrid_electric,corrected,mission,descent,corrected_low_thrust_margin,-40574.13004634717,0.0
V05-0054_hybrid,adaptive_cycle_plus_hybrid_electric,raw,mission,,low_thrust_margin,1.0,0.0
V05-0054_hybrid,adaptive_cycle_plus_hybrid_electric,raw,segment,descent,low_thrust_margin,-40574.13004634717,0.0
V05-0054_hybrid,adaptive_cycle_plus_hybrid_electric,raw,segment,approach_landing,low_thrust_margin,-108438.87295227003,0.0
V05-0054_hybrid,adaptive_cycle_plus_hybrid_electric,corrected,mission,descent,corrected_low_thrust_margin,-40574.13004634717,0.0
V05-0055_hybrid,adaptive_cycle_plus_hybrid_electric,raw,mission,,low_thrust_margin,1.0,0.0
V05-0055_hybrid,adaptive_cycle_plus_hybrid_electric,raw,segment,descent,low_thrust_margin,-40574.13004634717,0.0
V05-0055_hybrid,adaptive_cycle_plus_hybrid_electric,raw,segment,approach_landing,low_thrust_margin,-108438.87295227003,0.0
V05-0055_hybrid,adaptive_cycle_plus_hybrid_electric,corrected,mission,descent,corrected_low_thrust_margin,-40574.13004634717,0.0
V05-0056_hybrid,adaptive_cycle_plus_hybrid_electric,raw,mission,,low_thrust_margin,1.0,0.0
V05-0056_hybrid,adaptive_cycle_plus_hybrid_electric,raw,segment,descent,low_thrust_margin,-41668.50246948452,0.0
V05-0056_hybrid,adaptive_cycle_plus_hybrid_electric,raw,segment,approach_landing,low_thrust_margin,-116396.13118320919,0.0
V05-0056_hybrid,adaptive_cycle_plus_hybrid_electric,corrected,mission,descent,corrected_low_thrust_margin,-41668.50246948452,0.0
V05-0057_hybrid,adaptive_cycle_plus_hybrid_electric,raw,mission,,low_thrust_margin,1.0,0.0
V05-0057_hybrid,adaptive_cycle_plus_hybrid_electric,raw,segment,descent,low_thrust_margin,-41668.50246948452,0.0
V05-0057_hybrid,adaptive_cycle_plus_hybrid_electric,raw,segment,approach_landing,low_thrust_margin,-116396.13118320919,0.0
V05-0057_hybrid,adaptive_cycle_plus_hybrid_electric,corrected,mission,descent,corrected_low_thrust_margin,-41668.50246948452,0.0
V05-0058_hybrid,adaptive_cycle_plus_hybrid_electric,raw,mission,,low_thrust_margin,1.0,0.0
V05-0058_hybrid,adaptive_cycle_plus_hybrid_electric,raw,segment,descent,low_thrust_margin,-41668.50246948452,0.0
V05-0058_hybrid,adaptive_cycle_plus_hybrid_electric,raw,segment,approach_landing,low_thrust_margin,-116396.13118320919,0.0
V05-0058_hybrid,adaptive_cycle_plus_hybrid_electric,corrected,mission,descent,corrected_low_thrust_margin,-41668.50246948452,0.0
V05-0059_hybrid,adaptive_cycle_plus_hybrid_electric,raw,mission,,low_thrust_margin,1.0,0.0
V05-0059_hybrid,adaptive_cycle_plus_hybrid_electric,raw,segment,descent,low_thrust_margin,-41668.50246948452,0.0
V05-0059_hybrid,adaptive_cycle_plus_hybrid_electric,raw,segment,approach_landing,low_thrust_margin,-116396.13118320919,0.0
V05-0059_hybrid,adaptive_cycle_plus_hybrid_electric,corrected,mission,descent,corrected_low_thrust_margin,-41668.50246948452,0.0
V05-0060_hybrid,adaptive_cycle_plus_hybrid_electric,raw,mission,,low_thrust_margin,1.0,0.0
V05-0060_hybrid,adaptive_cycle_plus_hybrid_electric,raw,mission,,unmet_electric_load,1.0,0.0
V05-0060_hybrid,adaptive_cycle_plus_hybrid_electric,raw,segment,climb,low_thrust_margin,-9570.31414557567,0.0
V05-0060_hybrid,adaptive_cycle_plus_hybrid_electric,raw,segment,descent,low_thrust_margin,-40805.751872479144,0.0
V05-0060_hybrid,adaptive_cycle_plus_hybrid_electric,raw,segment,approach_landing,low_net_thrust,149610.959531181,0.0
V05-0060_hybrid,adaptive_cycle_plus_hybrid_electric,raw,segment,approach_landing,low_thrust_margin,-171806.75896304674,0.0
V05-0060_hybrid,adaptive_cycle_plus_hybrid_electric,raw,segment,approach_landing,unmet_electric_load,149610.959531181,0.0
V05-0060_hybrid,adaptive_cycle_plus_hybrid_electric,corrected,mission,descent,corrected_low_thrust_margin,-40805.751872479144,0.0
V05-0061_hybrid,adaptive_cycle_plus_hybrid_electric,raw,mission,,low_thrust_margin,1.0,0.0
V05-0061_hybrid,adaptive_cycle_plus_hybrid_electric,raw,mission,,unmet_electric_load,1.0,0.0
V05-0061_hybrid,adaptive_cycle_plus_hybrid_electric,raw,segment,climb,low_thrust_margin,-10419.689934665264,0.0
V05-0061_hybrid,adaptive_cycle_plus_hybrid_electric,raw,segment,descent,low_thrust_margin,-41168.56557261608,0.0
V05-0061_hybrid,adaptive_cycle_plus_hybrid_electric,raw,segment,approach_landing,low_net_thrust,149610.959531181,0.0
V05-0061_hybrid,adaptive_cycle_plus_hybrid_electric,raw,segment,approach_landing,low_thrust_margin,-174444.77134346394,0.0
V05-0061_hybrid,adaptive_cycle_plus_hybrid_electric,raw,segment,approach_landing,unmet_electric_load,149610.959531181,0.0
V05-0061_hybrid,adaptive_cycle_plus_hybrid_electric,corrected,mission,approach_landing,corrected_low_thrust_margin,-41307.697166693804,0.0
V05-0062_hybrid,adaptive_cycle_plus_hybrid_electric,raw,mission,,low_thrust_margin,1.0,0.0
V05-0062_hybrid,adaptive_cycle_plus_hybrid_electric,raw,segment,takeoff,low_thrust_margin,-48212.680862765,0.0
V05-0062_hybrid,adaptive_cycle_plus_hybrid_electric,raw,segment,climb,low_thrust_margin,-9581.61459101118,0.0
V05-0062_hybrid,adaptive_cycle_plus_hybrid_electric,raw,segment,descent,low_thrust_margin,-40810.56910299137,0.0
V05-0062_hybrid,adaptive_cycle_plus_hybrid_electric,raw,segment,approach_landing,low_net_thrust,0.0,0.0
V05-0062_hybrid,adaptive_cycle_plus_hybrid_electric,raw,segment,approach_landing,low_thrust_margin,-165980.84304973736,0.0
V05-0062_hybrid,adaptive_cycle_plus_hybrid_electric,corrected,mission,takeoff,corrected_low_thrust_margin,-48212.680862765,0.0
V05-0063_hybrid,adaptive_cycle_plus_hybrid_electric,raw,mission,,low_thrust_margin,1.0,0.0
V05-0063_hybrid,adaptive_cycle_plus_hybrid_electric,raw,segment,takeoff,low_thrust_margin,-49933.06854784276,0.0
V05-0063_hybrid,adaptive_cycle_plus_hybrid_electric,raw,segment,climb,low_thrust_margin,-10431.083158179375,0.0
V05-0063_hybrid,adaptive_cycle_plus_hybrid_electric,raw,segment,descent,low_thrust_margin,-41173.442283619166,0.0
V05-0063_hybrid,adaptive_cycle_plus_hybrid_electric,raw,segment,approach_landing,low_net_thrust,0.0,0.0
V05-0063_hybrid,adaptive_cycle_plus_hybrid_electric,raw,segment,approach_landing,low_thrust_margin,-168619.28909077327,0.0
V05-0063_hybrid,adaptive_cycle_plus_hybrid_electric,corrected,mission,takeoff,corrected_low_thrust_margin,-49933.06854784276,0.0
V05-0064_hybrid,adaptive_cycle_plus_hybrid_electric,raw,mission,,low_thrust_margin,1.0,0.0
V05-0064_hybrid,adaptive_cycle_plus_hybrid_electric,raw,segment,climb,low_thrust_margin,-12139.277568336722,0.0
V05-0064_hybrid,adaptive_cycle_plus_hybrid_electric,raw,segment,descent,low_thrust_margin,-41907.551072418064,0.0
V05-0064_hybrid,adaptive_cycle_plus_hybrid_electric,raw,segment,approach_landing,low_net_thrust,0.0,0.0
V05-0064_hybrid,adaptive_cycle_plus_hybrid_electric,raw,segment,approach_landing,low_thrust_margin,-173957.24605918876,0.0
V05-0064_hybrid,adaptive_cycle_plus_hybrid_electric,corrected,mission,descent,corrected_low_thrust_margin,-41907.551072418064,0.0
V05-0065_hybrid,adaptive_cycle_plus_hybrid_electric,raw,mission,,low_thrust_margin,1.0,0.0
V05-0065_hybrid,adaptive_cycle_plus_hybrid_electric,raw,segment,climb,low_thrust_margin,-13009.489412918527,0.0
V05-0065_hybrid,adaptive_cycle_plus_hybrid_electric,raw,segment,descent,low_thrust_margin,-42283.722872083075,0.0
V05-0065_hybrid,adaptive_cycle_plus_hybrid_electric,raw,segment,approach_landing,low_net_thrust,0.0,0.0
V05-0065_hybrid,adaptive_cycle_plus_hybrid_electric,raw,segment,approach_landing,low_thrust_margin,-176692.6497291487,0.0
V05-0065_hybrid,adaptive_cycle_plus_hybrid_electric,corrected,mission,descent,corrected_low_thrust_margin,-42283.722872083075,0.0
V05-0066_hybrid,adaptive_cycle_plus_hybrid_electric,raw,mission,,low_thrust_margin,1.0,0.0
V05-0066_hybrid,adaptive_cycle_plus_hybrid_electric,raw,segment,takeoff,low_thrust_margin,-53373.84391799831,0.0
V05-0066_hybrid,adaptive_cycle_plus_hybrid_electric,raw,segment,climb,low_thrust_margin,-12150.856348008005,0.0
V05-0066_hybrid,adaptive_cycle_plus_hybrid_electric,raw,segment,descent,low_thrust_margin,-41912.5467444028,0.0
V05-0066_hybrid,adaptive_cycle_plus_hybrid_electric,raw,segment,approach_landing,low_net_thrust,0.0,0.0
V05-0066_hybrid,adaptive_cycle_plus_hybrid_electric,raw,segment,approach_landing,low_thrust_margin,-173993.57246238764,0.0
V05-0066_hybrid,adaptive_cycle_plus_hybrid_electric,corrected,mission,takeoff,corrected_low_thrust_margin,-53373.84391799831,0.0
V05-0067_hybrid,adaptive_cycle_plus_hybrid_electric,raw,mission,,low_thrust_margin,1.0,0.0
V05-0067_hybrid,adaptive_cycle_plus_hybrid_electric,raw,segment,takeoff,low_thrust_margin,-55094.2316030761,0.0
V05-0067_hybrid,adaptive_cycle_plus_hybrid_electric,raw,segment,climb,low_thrust_margin,-13021.160970668381,0.0
V05-0067_hybrid,adaptive_cycle_plus_hybrid_electric,raw,segment,descent,low_thrust_margin,-42288.77802455866,0.0
V05-0067_hybrid,adaptive_cycle_plus_hybrid_electric,raw,segment,approach_landing,low_net_thrust,0.0,0.0
V05-0067_hybrid,adaptive_cycle_plus_hybrid_electric,raw,segment,approach_landing,low_thrust_margin,-176729.4097929663,0.0
V05-0067_hybrid,adaptive_cycle_plus_hybrid_electric,corrected,mission,takeoff,corrected_low_thrust_margin,-55094.2316030761,0.0
V05-0068_hybrid,adaptive_cycle_plus_hybrid_electric,raw,mission,,low_thrust_margin,1.0,0.0
V05-0068_hybrid,adaptive_cycle_plus_hybrid_electric,raw,mission,,unmet_electric_load,1.0,0.0
V05-0068_hybrid,adaptive_cycle_plus_hybrid_electric,raw,segment,takeoff,unmet_electric_load,34833.333333333336,0.0
V05-0068_hybrid,adaptive_cycle_plus_hybrid_electric,raw,segment,climb,low_thrust_margin,-9398.811967399059,0.0
V05-0068_hybrid,adaptive_cycle_plus_hybrid_electric,raw,segment,climb,unmet_electric_load,607261.0460236444,0.0
V05-0068_hybrid,adaptive_cycle_plus_hybrid_electric,raw,segment,descent,low_thrust_margin,-41022.905768580196,0.0
V05-0068_hybrid,adaptive_cycle_plus_hybrid_electric,raw,segment,approach_landing,low_net_thrust,804000.0,0.0
V05-0068_hybrid,adaptive_cycle_plus_hybrid_electric,raw,segment,approach_landing,low_thrust_margin,-178127.97304142657,0.0
V05-0068_hybrid,adaptive_cycle_plus_hybrid_electric,raw,segment,approach_landing,unmet_electric_load,804000.0,0.0
V05-0068_hybrid,adaptive_cycle_plus_hybrid_electric,corrected,mission,approach_landing,corrected_low_thrust_margin,-47452.48808919013,0.0
V05-0069_hybrid,adaptive_cycle_plus_hybrid_electric,raw,mission,,low_thrust_margin,1.0,0.0
V05-0069_hybrid,adaptive_cycle_plus_hybrid_electric,raw,mission,,unmet_electric_load,1.0,0.0
V05-0069_hybrid,adaptive_cycle_plus_hybrid_electric,raw,segment,takeoff,unmet_electric_load,34833.333333333336,0.0
V05-0069_hybrid,adaptive_cycle_plus_hybrid_electric,raw,segment,climb,low_thrust_margin,-11112.84331960592,0.0
V05-0069_hybrid,adaptive_cycle_plus_hybrid_electric,raw,segment,climb,unmet_electric_load,607261.0460236444,0.0
V05-0069_hybrid,adaptive_cycle_plus_hybrid_electric,raw,segment,descent,low_thrust_margin,-41758.329108508,0.0
V05-0069_hybrid,adaptive_cycle_plus_hybrid_electric,raw,segment,approach_landing,low_net_thrust,804000.0,0.0
V05-0069_hybrid,adaptive_cycle_plus_hybrid_electric,raw,segment,approach_landing,low_thrust_margin,-183475.41808125903,0.0
V05-0069_hybrid,adaptive_cycle_plus_hybrid_electric,raw,segment,approach_landing,unmet_electric_load,804000.0,0.0
V05-0069_hybrid,adaptive_cycle_plus_hybrid_electric,corrected,mission,approach_landing,corrected_low_thrust_margin,-49360.42991257241,0.0
V05-0070_hybrid,adaptive_cycle_plus_hybrid_electric,raw,mission,,low_thrust_margin,1.0,0.0
V05-0070_hybrid,adaptive_cycle_plus_hybrid_electric,raw,mission,,unmet_electric_load,1.0,0.0
V05-0070_hybrid,adaptive_cycle_plus_hybrid_electric,raw,segment,takeoff,low_net_thrust,0.0,0.0
V05-0070_hybrid,adaptive_cycle_plus_hybrid_electric,raw,segment,takeoff,low_thrust_margin,-72978.56375698392,0.0
V05-0070_hybrid,adaptive_cycle_plus_hybrid_electric,raw,segment,climb,low_thrust_margin,-40901.02794711859,0.0
V05-0070_hybrid,adaptive_cycle_plus_hybrid_electric,raw,segment,descent,low_thrust_margin,-41032.669158389675,0.0
V05-0070_hybrid,adaptive_cycle_plus_hybrid_electric,raw,segment,approach_landing,low_net_thrust,222248.2108285679,0.0
V05-0070_hybrid,adaptive_cycle_plus_hybrid_electric,raw,segment,approach_landing,low_thrust_margin,-153412.5070456171,0.0
V05-0070_hybrid,adaptive_cycle_plus_hybrid_electric,raw,segment,approach_landing,unmet_electric_load,222248.2108285679,0.0
V05-0070_hybrid,adaptive_cycle_plus_hybrid_electric,corrected,mission,takeoff,corrected_low_thrust_margin,-72978.56375698392,0.0
V05-0071_hybrid,adaptive_cycle_plus_hybrid_electric,raw,mission,,low_thrust_margin,1.0,0.0
V05-0071_hybrid,adaptive_cycle_plus_hybrid_electric,raw,mission,,unmet_electric_load,1.0,0.0
V05-0071_hybrid,adaptive_cycle_plus_hybrid_electric,raw,segment,takeoff,low_net_thrust,0.0,0.0
V05-0071_hybrid,adaptive_cycle_plus_hybrid_electric,raw,segment,takeoff,low_thrust_margin,-76419.33912713946,0.0
V05-0071_hybrid,adaptive_cycle_plus_hybrid_electric,raw,segment,climb,low_thrust_margin,-42615.83809473147,0.0
V05-0071_hybrid,adaptive_cycle_plus_hybrid_electric,raw,segment,descent,low_thrust_margin,-41768.331811254044,0.0
V05-0071_hybrid,adaptive_cycle_plus_hybrid_electric,raw,segment,approach_landing,low_net_thrust,222248.2108285679,0.0
V05-0071_hybrid,adaptive_cycle_plus_hybrid_electric,raw,segment,approach_landing,low_thrust_margin,-158761.69686923758,0.0
V05-0071_hybrid,adaptive_cycle_plus_hybrid_electric,raw,segment,approach_landing,unmet_electric_load,222248.2108285679,0.0
V05-0071_hybrid,adaptive_cycle_plus_hybrid_electric,corrected,mission,takeoff,corrected_low_thrust_margin,-76419.33912713946,0.0
V05-0072_hybrid,adaptive_cycle_plus_hybrid_electric,raw,mission,,low_thrust_margin,1.0,0.0
V05-0072_hybrid,adaptive_cycle_plus_hybrid_electric,raw,mission,,unmet_electric_load,1.0,0.0
V05-0072_hybrid,adaptive_cycle_plus_hybrid_electric,raw,segment,takeoff,unmet_electric_load,34833.333333333336,0.0
V05-0072_hybrid,adaptive_cycle_plus_hybrid_electric,raw,segment,climb,low_thrust_margin,-10124.817001669595,0.0
V05-0072_hybrid,adaptive_cycle_plus_hybrid_electric,raw,segment,climb,unmet_electric_load,363912.5868589788,0.0
V05-0072_hybrid,adaptive_cycle_plus_hybrid_electric,raw,segment,descent,low_thrust_margin,-42132.71982823596,0.0
V05-0072_hybrid,adaptive_cycle_plus_hybrid_electric,raw,segment,approach_landing,low_net_thrust,551339.5838660474,0.0
V05-0072_hybrid,adaptive_cycle_plus_hybrid_electric,raw,segment,approach_landing,low_thrust_margin,-176299.97928954277,0.0
V05-0072_hybrid,adaptive_cycle_plus_hybrid_electric,raw,segment,approach_landing,unmet_electric_load,551339.5838660474,0.0
V05-0072_hybrid,adaptive_cycle_plus_hybrid_electric,corrected,mission,descent,corrected_low_thrust_margin,-42132.71982823596,0.0
V05-0073_hybrid,adaptive_cycle_plus_hybrid_electric,raw,mission,,low_thrust_margin,1.0,0.0
V05-0073_hybrid,adaptive_cycle_plus_hybrid_electric,raw,mission,,unmet_electric_load,1.0,0.0
V05-0073_hybrid,adaptive_cycle_plus_hybrid_electric,raw,segment,takeoff,unmet_electric_load,34833.333333333336,0.0
V05-0073_hybrid,adaptive_cycle_plus_hybrid_electric,raw,segment,climb,low_thrust_margin,-11880.520464860834,0.0
V05-0073_hybrid,adaptive_cycle_plus_hybrid_electric,raw,segment,climb,unmet_electric_load,363912.5868589788,0.0
V05-0073_hybrid,adaptive_cycle_plus_hybrid_electric,raw,segment,descent,low_thrust_margin,-42894.859367219906,0.0
V05-0073_hybrid,adaptive_cycle_plus_hybrid_electric,raw,segment,approach_landing,low_net_thrust,551339.5838660474,0.0
V05-0073_hybrid,adaptive_cycle_plus_hybrid_electric,raw,segment,approach_landing,low_thrust_margin,-181842.20690846068,0.0
V05-0073_hybrid,adaptive_cycle_plus_hybrid_electric,raw,segment,approach_landing,unmet_electric_load,551339.5838660474,0.0
V05-0073_hybrid,adaptive_cycle_plus_hybrid_electric,corrected,mission,descent,corrected_low_thrust_margin,-42894.859367219906,0.0
V05-0074_hybrid,adaptive_cycle_plus_hybrid_electric,raw,mission,,low_thrust_margin,1.0,0.0
V05-0074_hybrid,adaptive_cycle_plus_hybrid_electric,raw,segment,takeoff,low_net_thrust,0.0,0.0
V05-0074_hybrid,adaptive_cycle_plus_hybrid_electric,raw,segment,takeoff,low_thrust_margin,-78139.72681221722,0.0
V05-0074_hybrid,adaptive_cycle_plus_hybrid_electric,raw,segment,climb,low_thrust_margin,-43483.66119628401,0.0
V05-0074_hybrid,adaptive_cycle_plus_hybrid_electric,raw,segment,descent,low_thrust_margin,-42142.84218745025,0.0
V05-0074_hybrid,adaptive_cycle_plus_hybrid_electric,raw,segment,approach_landing,low_net_thrust,0.0,0.0
V05-0074_hybrid,adaptive_cycle_plus_hybrid_electric,raw,segment,approach_landing,low_thrust_margin,-145523.12092411137,0.0
V05-0074_hybrid,adaptive_cycle_plus_hybrid_electric,corrected,mission,takeoff,corrected_low_thrust_margin,-78139.72681221722,0.0
V05-0075_hybrid,adaptive_cycle_plus_hybrid_electric,raw,mission,,low_thrust_margin,1.0,0.0
V05-0075_hybrid,adaptive_cycle_plus_hybrid_electric,raw,segment,takeoff,low_net_thrust,0.0,0.0
V05-0075_hybrid,adaptive_cycle_plus_hybrid_electric,raw,segment,takeoff,low_thrust_margin,-81580.5021823728,0.0
V05-0075_hybrid,adaptive_cycle_plus_hybrid_electric,raw,segment,climb,low_thrust_margin,-45240.14345488131,0.0
V05-0075_hybrid,adaptive_cycle_plus_hybrid_electric,raw,segment,descent,low_thrust_margin,-42905.221039370765,0.0
V05-0075_hybrid,adaptive_cycle_plus_hybrid_electric,raw,segment,approach_landing,low_net_thrust,0.0,0.0
V05-0075_hybrid,adaptive_cycle_plus_hybrid_electric,raw,segment,approach_landing,low_thrust_margin,-151067.09332681732,0.0
V05-0075_hybrid,adaptive_cycle_plus_hybrid_electric,corrected,mission,takeoff,corrected_low_thrust_margin,-81580.5021823728,0.0
V05-0076_hybrid,adaptive_cycle_plus_hybrid_electric,raw,mission,,low_thrust_margin,1.0,0.0
V05-0076_hybrid,adaptive_cycle_plus_hybrid_electric,raw,segment,descent,low_thrust_margin,-38919.18539972878,0.0
V05-0076_hybrid,adaptive_cycle_plus_hybrid_electric,raw,segment,approach_landing,low_thrust_margin,-99016.21289793676,0.0
V05-0076_hybrid,adaptive_cycle_plus_hybrid_electric,corrected,mission,descent,corrected_low_thrust_margin,-38919.18539972878,0.0
V05-0077_hybrid,adaptive_cycle_plus_hybrid_electric,raw,mission,,low_thrust_margin,1.0,0.0
V05-0077_hybrid,adaptive_cycle_plus_hybrid_electric,raw,segment,descent,low_thrust_margin,-38919.18539972878,0.0
V05-0077_hybrid,adaptive_cycle_plus_hybrid_electric,raw,segment,approach_landing,low_thrust_margin,-99016.21289793676,0.0
V05-0077_hybrid,adaptive_cycle_plus_hybrid_electric,corrected,mission,descent,corrected_low_thrust_margin,-38919.18539972878,0.0
V05-0078_hybrid,adaptive_cycle_plus_hybrid_electric,raw,mission,,low_thrust_margin,1.0,0.0
V05-0078_hybrid,adaptive_cycle_plus_hybrid_electric,raw,segment,descent,low_thrust_margin,-38919.18539972878,0.0
V05-0078_hybrid,adaptive_cycle_plus_hybrid_electric,raw,segment,approach_landing,low_thrust_margin,-99016.21289793676,0.0
V05-0078_hybrid,adaptive_cycle_plus_hybrid_electric,corrected,mission,descent,corrected_low_thrust_margin,-38919.18539972878,0.0
V05-0079_hybrid,adaptive_cycle_plus_hybrid_electric,raw,mission,,low_thrust_margin,1.0,0.0
V05-0079_hybrid,adaptive_cycle_plus_hybrid_electric,raw,segment,descent,low_thrust_margin,-38919.18539972878,0.0
V05-0079_hybrid,adaptive_cycle_plus_hybrid_electric,raw,segment,approach_landing,low_thrust_margin,-99016.21289793676,0.0
V05-0079_hybrid,adaptive_cycle_plus_hybrid_electric,corrected,mission,descent,corrected_low_thrust_margin,-38919.18539972878,0.0
V05-0080_hybrid,adaptive_cycle_plus_hybrid_electric,raw,mission,,low_thrust_margin,1.0,0.0
V05-0080_hybrid,adaptive_cycle_plus_hybrid_electric,raw,segment,cruise,low_thrust_margin,-274.47438470622,0.0
V05-0080_hybrid,adaptive_cycle_plus_hybrid_electric,raw,segment,descent,low_thrust_margin,-40015.70454643761,0.0
V05-0080_hybrid,adaptive_cycle_plus_hybrid_electric,raw,segment,approach_landing,low_thrust_margin,-106986.3324935339,0.0
V05-0080_hybrid,adaptive_cycle_plus_hybrid_electric,corrected,mission,descent,corrected_low_thrust_margin,-40015.70454643761,0.0
V05-0081_hybrid,adaptive_cycle_plus_hybrid_electric,raw,mission,,low_thrust_margin,1.0,0.0
V05-0081_hybrid,adaptive_cycle_plus_hybrid_electric,raw,segment,cruise,low_thrust_margin,-274.47438470622,0.0
V05-0081_hybrid,adaptive_cycle_plus_hybrid_electric,raw,segment,descent,low_thrust_margin,-40015.70454643761,0.0
V05-0081_hybrid,adaptive_cycle_plus_hybrid_electric,raw,segment,approach_landing,low_thrust_margin,-106986.3324935339,0.0
V05-0081_hybrid,adaptive_cycle_plus_hybrid_electric,corrected,mission,descent,corrected_low_thrust_margin,-40015.70454643761,0.0
V05-0082_hybrid,adaptive_cycle_plus_hybrid_electric,raw,mission,,low_thrust_margin,1.0,0.0
V05-0082_hybrid,adaptive_cycle_plus_hybrid_electric,raw,segment,cruise,low_thrust_margin,-274.47438470622,0.0
V05-0082_hybrid,adaptive_cycle_plus_hybrid_electric,raw,segment,descent,low_thrust_margin,-40015.70454643761,0.0
V05-0082_hybrid,adaptive_cycle_plus_hybrid_electric,raw,segment,approach_landing,low_thrust_margin,-106986.3324935339,0.0
V05-0082_hybrid,adaptive_cycle_plus_hybrid_electric,corrected,mission,descent,corrected_low_thrust_margin,-40015.70454643761,0.0
V05-0083_hybrid,adaptive_cycle_plus_hybrid_electric,raw,mission,,low_thrust_margin,1.0,0.0
V05-0083_hybrid,adaptive_cycle_plus_hybrid_electric,raw,segment,cruise,low_thrust_margin,-274.47438470622,0.0
V05-0083_hybrid,adaptive_cycle_plus_hybrid_electric,raw,segment,descent,low_thrust_margin,-40015.70454643761,0.0
V05-0083_hybrid,adaptive_cycle_plus_hybrid_electric,raw,segment,approach_landing,low_thrust_margin,-106986.3324935339,0.0
V05-0083_hybrid,adaptive_cycle_plus_hybrid_electric,corrected,mission,descent,corrected_low_thrust_margin,-40015.70454643761,0.0
V05-0084_hybrid,adaptive_cycle_plus_hybrid_electric,raw,mission,,low_thrust_margin,1.0,0.0
V05-0084_hybrid,adaptive_cycle_plus_hybrid_electric,raw,mission,,unmet_electric_load,1.0,0.0
V05-0084_hybrid,adaptive_cycle_plus_hybrid_electric,raw,segment,descent,low_thrust_margin,-39155.22271348979,0.0
V05-0084_hybrid,adaptive_cycle_plus_hybrid_electric,raw,segment,approach_landing,low_thrust_margin,-170130.57508110476,0.0
V05-0084_hybrid,adaptive_cycle_plus_hybrid_electric,raw,segment,approach_landing,unmet_electric_load,149610.959531181,0.0
V05-0084_hybrid,adaptive_cycle_plus_hybrid_electric,corrected,mission,descent,corrected_low_thrust_margin,-39155.22271348979,0.0
V05-0085_hybrid,adaptive_cycle_plus_hybrid_electric,raw,mission,,low_thrust_margin,1.0,0.0
V05-0085_hybrid,adaptive_cycle_plus_hybrid_electric,raw,mission,,unmet_electric_load,1.0,0.0
V05-0085_hybrid,adaptive_cycle_plus_hybrid_electric,raw,segment,descent,low_thrust_margin,-39527.35436352727,0.0
V05-0085_hybrid,adaptive_cycle_plus_hybrid_electric,raw,segment,approach_landing,low_thrust_margin,-172835.40401418894,0.0
V05-0085_hybrid,adaptive_cycle_plus_hybrid_electric,raw,segment,approach_landing,unmet_electric_load,149610.959531181,0.0
V05-0085_hybrid,adaptive_cycle_plus_hybrid_electric,corrected,mission,descent,corrected_low_thrust_margin,-39527.35436352727,0.0
V05-0086_hybrid,adaptive_cycle_plus_hybrid_electric,raw,mission,,low_thrust_margin,1.0,0.0
V05-0086_hybrid,adaptive_cycle_plus_hybrid_electric,raw,segment,takeoff,low_thrust_margin,-21775.020920373936,0.0
V05-0086_hybrid,adaptive_cycle_plus_hybrid_electric,raw,segment,descent,low_thrust_margin,-39160.06561922059,0.0
V05-0086_hybrid,adaptive_cycle_plus_hybrid_electric,raw,segment,approach_landing,low_net_thrust,0.0,0.0
V05-0086_hybrid,adaptive_cycle_plus_hybrid_electric,raw,segment,approach_landing,low_thrust_margin,-166596.2921431999,0.0
V05-0086_hybrid,adaptive_cycle_plus_hybrid_electric,corrected,mission,descent,corrected_low_thrust_margin,-39160.06561922059,0.0
V05-0087_hybrid,adaptive_cycle_plus_hybrid_electric,raw,mission,,low_thrust_margin,1.0,0.0
V05-0087_hybrid,adaptive_cycle_plus_hybrid_electric,raw,segment,takeoff,low_thrust_margin,-23599.295954620757,0.0
V05-0087_hybrid,adaptive_cycle_plus_hybrid_electric,raw,segment,descent,low_thrust_margin,-39532.19160679098,0.0
V05-0087_hybrid,adaptive_cycle_plus_hybrid_electric,raw,segment,approach_landing,low_net_thrust,0.0,0.0
V05-0087_hybrid,adaptive_cycle_plus_hybrid_electric,raw,segment,approach_landing,low_thrust_margin,-169301.08126993527,0.0
V05-0087_hybrid,adaptive_cycle_plus_hybrid_electric,corrected,mission,descent,corrected_low_thrust_margin,-39532.19160679098,0.0
V05-0088_hybrid,adaptive_cycle_plus_hybrid_electric,raw,mission,,low_thrust_margin,1.0,0.0
V05-0088_hybrid,adaptive_cycle_plus_hybrid_electric,raw,segment,cruise,low_thrust_margin,-704.8134370165499,0.0
V05-0088_hybrid,adaptive_cycle_plus_hybrid_electric,raw,segment,descent,low_thrust_margin,-40260.069826003055,0.0
V05-0088_hybrid,adaptive_cycle_plus_hybrid_electric,raw,segment,approach_landing,low_thrust_margin,-172300.48007208025,0.0
V05-0088_hybrid,adaptive_cycle_plus_hybrid_electric,corrected,mission,descent,corrected_low_thrust_margin,-40260.069826003055,0.0
V05-0089_hybrid,adaptive_cycle_plus_hybrid_electric,raw,mission,,low_thrust_margin,1.0,0.0
V05-0089_hybrid,adaptive_cycle_plus_hybrid_electric,raw,segment,cruise,low_thrust_margin,-1359.3342940688235,0.0
V05-0089_hybrid,adaptive_cycle_plus_hybrid_electric,raw,segment,descent,low_thrust_margin,-40635.38624573484,0.0
V05-0089_hybrid,adaptive_cycle_plus_hybrid_electric,raw,segment,approach_landing,low_thrust_margin,-175028.7526433994,0.0
V05-0089_hybrid,adaptive_cycle_plus_hybrid_electric,corrected,mission,descent,corrected_low_thrust_margin,-40635.38624573484,0.0
V05-0090_hybrid,adaptive_cycle_plus_hybrid_electric,raw,mission,,low_thrust_margin,1.0,0.0
V05-0090_hybrid,adaptive_cycle_plus_hybrid_electric,raw,segment,takeoff,low_thrust_margin,-26937.559301527042,0.0
V05-0090_hybrid,adaptive_cycle_plus_hybrid_electric,raw,segment,cruise,low_thrust_margin,-713.5567110338961,0.0
V05-0090_hybrid,adaptive_cycle_plus_hybrid_electric,raw,segment,descent,low_thrust_margin,-40265.05437734272,0.0
V05-0090_hybrid,adaptive_cycle_plus_hybrid_electric,raw,segment,approach_landing,low_net_thrust,0.0,0.0
V05-0090_hybrid,adaptive_cycle_plus_hybrid_electric,raw,segment,approach_landing,low_thrust_margin,-174628.17198294585,0.0
V05-0090_hybrid,adaptive_cycle_plus_hybrid_electric,corrected,mission,descent,corrected_low_thrust_margin,-40265.05437734272,0.0
V05-0091_hybrid,adaptive_cycle_plus_hybrid_electric,raw,mission,,low_thrust_margin,1.0,0.0
V05-0091_hybrid,adaptive_cycle_plus_hybrid_electric,raw,segment,takeoff,low_thrust_margin,-28538.906300469593,0.0
V05-0091_hybrid,adaptive_cycle_plus_hybrid_electric,raw,segment,cruise,low_thrust_margin,-1368.0775893906466,0.0
V05-0091_hybrid,adaptive_cycle_plus_hybrid_electric,raw,segment,descent,low_thrust_margin,-40640.42965775622,0.0
V05-0091_hybrid,adaptive_cycle_plus_hybrid_electric,raw,segment,approach_landing,low_net_thrust,0.0,0.0
V05-0091_hybrid,adaptive_cycle_plus_hybrid_electric,raw,segment,approach_landing,low_thrust_margin,-177356.87369571358,0.0
V05-0091_hybrid,adaptive_cycle_plus_hybrid_electric,corrected,mission,descent,corrected_low_thrust_margin,-40640.42965775622,0.0
V05-0092_hybrid,adaptive_cycle_plus_hybrid_electric,raw,mission,,low_thrust_margin,1.0,0.0
V05-0092_hybrid,adaptive_cycle_plus_hybrid_electric,raw,mission,,unmet_electric_load,1.0,0.0
V05-0092_hybrid,adaptive_cycle_plus_hybrid_electric,raw,segment,takeoff,unmet_electric_load,34833.333333333336,0.0
V05-0092_hybrid,adaptive_cycle_plus_hybrid_electric,raw,segment,climb,unmet_electric_load,607261.0460236444,0.0
V05-0092_hybrid,adaptive_cycle_plus_hybrid_electric,raw,segment,descent,low_thrust_margin,-39373.16412518074,0.0
V05-0092_hybrid,adaptive_cycle_plus_hybrid_electric,raw,segment,approach_landing,low_thrust_margin,-176456.9661040726,0.0
V05-0092_hybrid,adaptive_cycle_plus_hybrid_electric,raw,segment,approach_landing,unmet_electric_load,804000.0,0.0
V05-0092_hybrid,adaptive_cycle_plus_hybrid_electric,corrected,mission,approach_landing,corrected_low_thrust_margin,-45381.10489916109,0.0
V05-0093_hybrid,adaptive_cycle_plus_hybrid_electric,raw,mission,,low_thrust_margin,1.0,0.0
V05-0093_hybrid,adaptive_cycle_plus_hybrid_electric,raw,mission,,unmet_electric_load,1.0,0.0
V05-0093_hybrid,adaptive_cycle_plus_hybrid_electric,raw,segment,takeoff,unmet_electric_load,34833.333333333336,0.0
V05-0093_hybrid,adaptive_cycle_plus_hybrid_electric,raw,segment,climb,unmet_electric_load,607261.0460236444,0.0
V05-0093_hybrid,adaptive_cycle_plus_hybrid_electric,raw,segment,cruise,low_thrust_margin,-442.39614600698405,0.0
V05-0093_hybrid,adaptive_cycle_plus_hybrid_electric,raw,segment,descent,low_thrust_margin,-40110.83127290611,0.0
V05-0093_hybrid,adaptive_cycle_plus_hybrid_electric,raw,segment,approach_landing,low_thrust_margin,-181818.89654500122,0.0
V05-0093_hybrid,adaptive_cycle_plus_hybrid_electric,raw,segment,approach_landing,unmet_electric_load,804000.0,0.0
V05-0093_hybrid,adaptive_cycle_plus_hybrid_electric,corrected,mission,approach_landing,corrected_low_thrust_margin,-47297.155431037856,0.0
V05-0094_hybrid,adaptive_cycle_plus_hybrid_electric,raw,mission,,low_thrust_margin,1.0,0.0
V05-0094_hybrid,adaptive_cycle_plus_hybrid_electric,raw,mission,,unmet_electric_load,1.0,0.0
V05-0094_hybrid,adaptive_cycle_plus_hybrid_electric,raw,segment,takeoff,low_thrust_margin,-56599.006886100906,0.0
V05-0094_hybrid,adaptive_cycle_plus_hybrid_electric,raw,segment,climb,low_thrust_margin,-26635.50039230977,0.0
V05-0094_hybrid,adaptive_cycle_plus_hybrid_electric,raw,segment,descent,low_thrust_margin,-39390.32334548868,0.0
V05-0094_hybrid,adaptive_cycle_plus_hybrid_electric,raw,segment,approach_landing,low_net_thrust,222248.2108285679,0.0
V05-0094_hybrid,adaptive_cycle_plus_hybrid_electric,raw,segment,approach_landing,low_thrust_margin,-154086.69079235394,0.0
V05-0094_hybrid,adaptive_cycle_plus_hybrid_electric,raw,segment,approach_landing,unmet_electric_load,222248.2108285679,0.0
V05-0094_hybrid,adaptive_cycle_plus_hybrid_electric,corrected,mission,takeoff,corrected_low_thrust_margin,-56599.006886100906,0.0
V05-0095_hybrid,adaptive_cycle_plus_hybrid_electric,raw,mission,,low_thrust_margin,1.0,0.0
V05-0095_hybrid,adaptive_cycle_plus_hybrid_electric,raw,mission,,unmet_electric_load,1.0,0.0
V05-0095_hybrid,adaptive_cycle_plus_hybrid_electric,raw,segment,takeoff,low_thrust_margin,-59952.65616309071,0.0
V05-0095_hybrid,adaptive_cycle_plus_hybrid_electric,raw,segment,climb,low_thrust_margin,-28334.23494630755,0.0
V05-0095_hybrid,adaptive_cycle_plus_hybrid_electric,raw,segment,cruise,low_thrust_margin,-462.8639244259466,0.0
V05-0095_hybrid,adaptive_cycle_plus_hybrid_electric,raw,segment,descent,low_thrust_margin,-40122.4459793998,0.0
V05-0095_hybrid,adaptive_cycle_plus_hybrid_electric,raw,segment,approach_landing,low_net_thrust,222248.2108285679,0.0
V05-0095_hybrid,adaptive_cycle_plus_hybrid_electric,raw,segment,approach_landing,low_thrust_margin,-159408.32706444728,0.0
V05-0095_hybrid,adaptive_cycle_plus_hybrid_electric,raw,segment,approach_landing,unmet_electric_load,222248.2108285679,0.0
V05-0095_hybrid,adaptive_cycle_plus_hybrid_electric,corrected,mission,takeoff,corrected_low_thrust_margin,-59952.65616309071,0.0
V05-0096_hybrid,adaptive_cycle_plus_hybrid_electric,raw,mission,,low_thrust_margin,1.0,0.0
V05-0096_hybrid,adaptive_cycle_plus_hybrid_electric,raw,mission,,unmet_electric_load,1.0,0.0
V05-0096_hybrid,adaptive_cycle_plus_hybrid_electric,raw,segment,takeoff,unmet_electric_load,34833.333333333336,0.0
V05-0096_hybrid,adaptive_cycle_plus_hybrid_electric,raw,segment,climb,unmet_electric_load,363912.5868589788,0.0
V05-0096_hybrid,adaptive_cycle_plus_hybrid_electric,raw,segment,cruise,low_thrust_margin,-1095.2793949319312,0.0
V05-0096_hybrid,adaptive_cycle_plus_hybrid_electric,raw,segment,descent,low_thrust_margin,-40483.44132134838,0.0
V05-0096_hybrid,adaptive_cycle_plus_hybrid_electric,raw,segment,approach_landing,low_thrust_margin,-174629.60076759613,0.0
V05-0096_hybrid,adaptive_cycle_plus_hybrid_electric,raw,segment,approach_landing,unmet_electric_load,551339.5838660474,0.0
V05-0096_hybrid,adaptive_cycle_plus_hybrid_electric,corrected,mission,descent,corrected_low_thrust_margin,-40483.44132134838,0.0
V05-0097_hybrid,adaptive_cycle_plus_hybrid_electric,raw,mission,,low_thrust_margin,1.0,0.0
V05-0097_hybrid,adaptive_cycle_plus_hybrid_electric,raw,mission,,unmet_electric_load,1.0,0.0
V05-0097_hybrid,adaptive_cycle_plus_hybrid_electric,raw,segment,takeoff,unmet_electric_load,34833.333333333336,0.0
V05-0097_hybrid,adaptive_cycle_plus_hybrid_electric,raw,segment,climb,unmet_electric_load,363912.5868589788,0.0
V05-0097_hybrid,adaptive_cycle_plus_hybrid_electric,raw,segment,cruise,low_thrust_margin,-2404.303877882783,0.0
V05-0097_hybrid,adaptive_cycle_plus_hybrid_electric,raw,segment,descent,low_thrust_margin,-41243.725645034305,0.0
V05-0097_hybrid,adaptive_cycle_plus_hybrid_electric,raw,segment,approach_landing,low_thrust_margin,-180156.51320582523,0.0
V05-0097_hybrid,adaptive_cycle_plus_hybrid_electric,raw,segment,approach_landing,unmet_electric_load,551339.5838660474,0.0
V05-0097_hybrid,adaptive_cycle_plus_hybrid_electric,corrected,mission,descent,corrected_low_thrust_margin,-41243.725645034305,0.0
V05-0098_hybrid,adaptive_cycle_plus_hybrid_electric,raw,mission,,low_thrust_margin,1.0,0.0
V05-0098_hybrid,adaptive_cycle_plus_hybrid_electric,raw,segment,takeoff,low_thrust_margin,-61521.72016309072,0.0
V05-0098_hybrid,adaptive_cycle_plus_hybrid_electric,raw,segment,climb,low_thrust_margin,-29138.08057025526,0.0
V05-0098_hybrid,adaptive_cycle_plus_hybrid_electric,raw,segment,cruise,low_thrust_margin,-1116.6405910926042,0.0
V05-0098_hybrid,adaptive_cycle_plus_hybrid_electric,raw,segment,descent,low_thrust_margin,-40495.7065236284,0.0
V05-0098_hybrid,adaptive_cycle_plus_hybrid_electric,raw,segment,approach_landing,low_net_thrust,0.0,0.0
V05-0098_hybrid,adaptive_cycle_plus_hybrid_electric,raw,segment,approach_landing,low_thrust_margin,-146159.75334187117,0.0
V05-0098_hybrid,adaptive_cycle_plus_hybrid_electric,corrected,mission,takeoff,corrected_low_thrust_margin,-61521.72016309072,0.0
V05-0099_hybrid,adaptive_cycle_plus_hybrid_electric,raw,mission,,low_thrust_margin,1.0,0.0
V05-0099_hybrid,adaptive_cycle_plus_hybrid_electric,raw,segment,takeoff,low_thrust_margin,-64659.84816309075,0.0
V05-0099_hybrid,adaptive_cycle_plus_hybrid_electric,raw,segment,climb,low_thrust_margin,-30763.103638215864,0.0
V05-0099_hybrid,adaptive_cycle_plus_hybrid_electric,raw,segment,cruise,low_thrust_margin,-2424.193924425941,0.0
V05-0099_hybrid,adaptive_cycle_plus_hybrid_electric,raw,segment,descent,low_thrust_margin,-41255.41373457976,0.0
V05-0099_hybrid,adaptive_cycle_plus_hybrid_electric,raw,segment,approach_landing,low_net_thrust,0.0,0.0
V05-0099_hybrid,adaptive_cycle_plus_hybrid_electric,raw,segment,approach_landing,low_thrust_margin,-151682.47633877795,0.0
V05-0099_hybrid,adaptive_cycle_plus_hybrid_electric,corrected,mission,takeoff,corrected_low_thrust_margin,-64659.84816309075,0.0
V05-0100_hybrid,adaptive_cycle_plus_hybrid_electric,raw,mission,,low_thrust_margin,1.0,0.0
V05-0100_hybrid,adaptive_cycle_plus_hybrid_electric,raw,segment,descent,low_thrust_margin,-38874.307203571436,0.0
V05-0100_hybrid,adaptive_cycle_plus_hybrid_electric,raw,segment,approach_landing,low_thrust_margin,-98690.03222377482,0.0
V05-0100_hybrid,adaptive_cycle_plus_hybrid_electric,corrected,mission,descent,corrected_low_thrust_margin,-38874.307203571436,0.0
V05-0101_hybrid,adaptive_cycle_plus_hybrid_electric,raw,mission,,low_thrust_margin,1.0,0.0
V05-0101_hybrid,adaptive_cycle_plus_hybrid_electric,raw,segment,descent,low_thrust_margin,-38874.307203571436,0.0
V05-0101_hybrid,adaptive_cycle_plus_hybrid_electric,raw,segment,approach_landing,low_thrust_margin,-98690.03222377482,0.0
V05-0101_hybrid,adaptive_cycle_plus_hybrid_electric,corrected,mission,descent,corrected_low_thrust_margin,-38874.307203571436,0.0
V05-0102_hybrid,adaptive_cycle_plus_hybrid_electric,raw,mission,,low_thrust_margin,1.0,0.0
V05-0102_hybrid,adaptive_cycle_plus_hybrid_electric,raw,segment,descent,low_thrust_margin,-38874.307203571436,0.0
V05-0102_hybrid,adaptive_cycle_plus_hybrid_electric,raw,segment,approach_landing,low_thrust_margin,-98690.03222377482,0.0
V05-0102_hybrid,adaptive_cycle_plus_hybrid_electric,corrected,mission,descent,corrected_low_thrust_margin,-38874.307203571436,0.0
V05-0103_hybrid,adaptive_cycle_plus_hybrid_electric,raw,mission,,low_thrust_margin,1.0,0.0
V05-0103_hybrid,adaptive_cycle_plus_hybrid_electric,raw,segment,descent,low_thrust_margin,-38874.307203571436,0.0
V05-0103_hybrid,adaptive_cycle_plus_hybrid_electric,raw,segment,approach_landing,low_thrust_margin,-98690.03222377482,0.0
V05-0103_hybrid,adaptive_cycle_plus_hybrid_electric,corrected,mission,descent,corrected_low_thrust_margin,-38874.307203571436,0.0
V05-0104_hybrid,adaptive_cycle_plus_hybrid_electric,raw,mission,,low_thrust_margin,1.0,0.0
V05-0104_hybrid,adaptive_cycle_plus_hybrid_electric,raw,segment,descent,low_thrust_margin,-39970.02969683195,0.0
V05-0104_hybrid,adaptive_cycle_plus_hybrid_electric,raw,segment,approach_landing,low_thrust_margin,-106654.32443133049,0.0
V05-0104_hybrid,adaptive_cycle_plus_hybrid_electric,corrected,mission,descent,corrected_low_thrust_margin,-39970.02969683195,0.0
V05-0105_hybrid,adaptive_cycle_plus_hybrid_electric,raw,mission,,low_thrust_margin,1.0,0.0
V05-0105_hybrid,adaptive_cycle_plus_hybrid_electric,raw,segment,descent,low_thrust_margin,-39970.02969683195,0.0
V05-0105_hybrid,adaptive_cycle_plus_hybrid_electric,raw,segment,approach_landing,low_thrust_margin,-106654.32443133049,0.0
V05-0105_hybrid,adaptive_cycle_plus_hybrid_electric,corrected,mission,descent,corrected_low_thrust_margin,-39970.02969683195,0.0
V05-0106_hybrid,adaptive_cycle_plus_hybrid_electric,raw,mission,,low_thrust_margin,1.0,0.0
V05-0106_hybrid,adaptive_cycle_plus_hybrid_electric,raw,segment,descent,low_thrust_margin,-39970.02969683195,0.0
V05-0106_hybrid,adaptive_cycle_plus_hybrid_electric,raw,segment,approach_landing,low_thrust_margin,-106654.32443133049,0.0
V05-0106_hybrid,adaptive_cycle_plus_hybrid_electric,corrected,mission,descent,corrected_low_thrust_margin,-39970.02969683195,0.0
V05-0107_hybrid,adaptive_cycle_plus_hybrid_electric,raw,mission,,low_thrust_margin,1.0,0.0
V05-0107_hybrid,adaptive_cycle_plus_hybrid_electric,raw,segment,descent,low_thrust_margin,-39970.02969683195,0.0
V05-0107_hybrid,adaptive_cycle_plus_hybrid_electric,raw,segment,approach_landing,low_thrust_margin,-106654.32443133049,0.0
V05-0107_hybrid,adaptive_cycle_plus_hybrid_electric,corrected,mission,descent,corrected_low_thrust_margin,-39970.02969683195,0.0
V05-0108_hybrid,adaptive_cycle_plus_hybrid_electric,raw,mission,,low_thrust_margin,1.0,0.0
V05-0108_hybrid,adaptive_cycle_plus_hybrid_electric,raw,mission,,unmet_electric_load,1.0,0.0
V05-0108_hybrid,adaptive_cycle_plus_hybrid_electric,raw,segment,descent,low_thrust_margin,-39109.45489777967,0.0
V05-0108_hybrid,adaptive_cycle_plus_hybrid_electric,raw,segment,approach_landing,low_thrust_margin,-169797.92017002628,0.0
V05-0108_hybrid,adaptive_cycle_plus_hybrid_electric,raw,segment,approach_landing,unmet_electric_load,149610.959531181,0.0
V05-0108_hybrid,adaptive_cycle_plus_hybrid_electric,corrected,mission,descent,corrected_low_thrust_margin,-39109.45489777967,0.0
V05-0109_hybrid,adaptive_cycle_plus_hybrid_electric,raw,mission,,low_thrust_margin,1.0,0.0
V05-0109_hybrid,adaptive_cycle_plus_hybrid_electric,raw,mission,,unmet_electric_load,1.0,0.0
V05-0109_hybrid,adaptive_cycle_plus_hybrid_electric,raw,segment,descent,low_thrust_margin,-39473.62732765087,0.0
V05-0109_hybrid,adaptive_cycle_plus_hybrid_electric,raw,segment,approach_landing,low_thrust_margin,-172444.88410327138,0.0
V05-0109_hybrid,adaptive_cycle_plus_hybrid_electric,raw,segment,approach_landing,unmet_electric_load,149610.959531181,0.0
V05-0109_hybrid,adaptive_cycle_plus_hybrid_electric,corrected,mission,descent,corrected_low_thrust_margin,-39473.62732765087,0.0
V05-0110_hybrid,adaptive_cycle_plus_hybrid_electric,raw,mission,,low_thrust_margin,1.0,0.0
V05-0110_hybrid,adaptive_cycle_plus_hybrid_electric,raw,segment,takeoff,low_thrust_margin,-18961.46592631322,0.0
V05-0110_hybrid,adaptive_cycle_plus_hybrid_electric,raw,segment,descent,low_thrust_margin,-39114.28526696434,0.0
V05-0110_hybrid,adaptive_cycle_plus_hybrid_electric,raw,segment,approach_landing,low_net_thrust,0.0,0.0
V05-0110_hybrid,adaptive_cycle_plus_hybrid_electric,raw,segment,approach_landing,low_thrust_margin,-166263.54594290478,0.0
V05-0110_hybrid,adaptive_cycle_plus_hybrid_electric,corrected,mission,descent,corrected_low_thrust_margin,-39114.28526696434,0.0
V05-0111_hybrid,adaptive_cycle_plus_hybrid_electric,raw,mission,,low_thrust_margin,1.0,0.0
V05-0111_hybrid,adaptive_cycle_plus_hybrid_electric,raw,segment,takeoff,low_thrust_margin,-20717.622251841996,0.0
V05-0111_hybrid,adaptive_cycle_plus_hybrid_electric,raw,segment,descent,low_thrust_margin,-39478.51739906855,0.0
V05-0111_hybrid,adaptive_cycle_plus_hybrid_electric,raw,segment,approach_landing,low_net_thrust,0.0,0.0
V05-0111_hybrid,adaptive_cycle_plus_hybrid_electric,raw,segment,approach_landing,low_thrust_margin,-168910.94515260786,0.0
V05-0111_hybrid,adaptive_cycle_plus_hybrid_electric,corrected,mission,descent,corrected_low_thrust_margin,-39478.51739906855,0.0
V05-0112_hybrid,adaptive_cycle_plus_hybrid_electric,raw,mission,,low_thrust_margin,1.0,0.0
V05-0112_hybrid,adaptive_cycle_plus_hybrid_electric,raw,segment,descent,low_thrust_margin,-40215.39683946098,0.0
V05-0112_hybrid,adaptive_cycle_plus_hybrid_electric,raw,segment,approach_landing,low_thrust_margin,-171975.74689296624,0.0
V05-0112_hybrid,adaptive_cycle_plus_hybrid_electric,corrected,mission,descent,corrected_low_thrust_margin,-40215.39683946098,0.0
V05-0113_hybrid,adaptive_cycle_plus_hybrid_electric,raw,mission,,low_thrust_margin,1.0,0.0
V05-0113_hybrid,adaptive_cycle_plus_hybrid_electric,raw,segment,descent,low_thrust_margin,-40592.994189773104,0.0
V05-0113_hybrid,adaptive_cycle_plus_hybrid_electric,raw,segment,approach_landing,low_thrust_margin,-174720.58904093114,0.0
V05-0113_hybrid,adaptive_cycle_plus_hybrid_electric,corrected,mission,descent,corrected_low_thrust_margin,-40592.994189773104,0.0
V05-0114_hybrid,adaptive_cycle_plus_hybrid_electric,raw,mission,,low_thrust_margin,1.0,0.0
V05-0114_hybrid,adaptive_cycle_plus_hybrid_electric,raw,segment,takeoff,low_thrust_margin,-24230.810201630433,0.0
V05-0114_hybrid,adaptive_cycle_plus_hybrid_electric,raw,segment,descent,low_thrust_margin,-40220.4063197255,0.0
V05-0114_hybrid,adaptive_cycle_plus_hybrid_electric,raw,segment,approach_landing,low_net_thrust,0.0,0.0
V05-0114_hybrid,adaptive_cycle_plus_hybrid_electric,raw,segment,approach_landing,low_thrust_margin,-174303.61986181609,0.0
V05-0114_hybrid,adaptive_cycle_plus_hybrid_electric,corrected,mission,descent,corrected_low_thrust_margin,-40220.4063197255,0.0
V05-0115_hybrid,adaptive_cycle_plus_hybrid_electric,raw,mission,,low_thrust_margin,1.0,0.0
V05-0115_hybrid,adaptive_cycle_plus_hybrid_electric,raw,segment,takeoff,low_thrust_margin,-25987.84205426622,0.0
V05-0115_hybrid,adaptive_cycle_plus_hybrid_electric,raw,segment,descent,low_thrust_margin,-40598.06337664385,0.0
V05-0115_hybrid,adaptive_cycle_plus_hybrid_electric,raw,segment,approach_landing,low_net_thrust,0.0,0.0
V05-0115_hybrid,adaptive_cycle_plus_hybrid_electric,raw,segment,approach_landing,low_thrust_margin,-177048.89731812847,0.0
V05-0115_hybrid,adaptive_cycle_plus_hybrid_electric,corrected,mission,descent,corrected_low_thrust_margin,-40598.06337664385,0.0
V05-0116_hybrid,adaptive_cycle_plus_hybrid_electric,raw,mission,,low_thrust_margin,1.0,0.0
V05-0116_hybrid,adaptive_cycle_plus_hybrid_electric,raw,mission,,unmet_electric_load,1.0,0.0
V05-0116_hybrid,adaptive_cycle_plus_hybrid_electric,raw,segment,takeoff,unmet_electric_load,34833.333333333336,0.0
V05-0116_hybrid,adaptive_cycle_plus_hybrid_electric,raw,segment,climb,unmet_electric_load,607261.0460236444,0.0
V05-0116_hybrid,adaptive_cycle_plus_hybrid_electric,raw,segment,descent,low_thrust_margin,-39327.03274490312,0.0
V05-0116_hybrid,adaptive_cycle_plus_hybrid_electric,raw,segment,approach_landing,low_thrust_margin,-176121.66107725605,0.0
V05-0116_hybrid,adaptive_cycle_plus_hybrid_electric,raw,segment,approach_landing,unmet_electric_load,804000.0,0.0
V05-0116_hybrid,adaptive_cycle_plus_hybrid_electric,corrected,mission,approach_landing,corrected_low_thrust_margin,-45262.12825022667,0.0
V05-0117_hybrid,adaptive_cycle_plus_hybrid_electric,raw,mission,,low_thrust_margin,1.0,0.0
V05-0117_hybrid,adaptive_cycle_plus_hybrid_electric,raw,mission,,unmet_electric_load,1.0,0.0
V05-0117_hybrid,adaptive_cycle_plus_hybrid_electric,raw,segment,takeoff,unmet_electric_load,34833.333333333336,0.0
V05-0117_hybrid,adaptive_cycle_plus_hybrid_electric,raw,segment,climb,unmet_electric_load,607261.0460236444,0.0
V05-0117_hybrid,adaptive_cycle_plus_hybrid_electric,raw,segment,descent,low_thrust_margin,-40065.20389294921,0.0
V05-0117_hybrid,adaptive_cycle_plus_hybrid_electric,raw,segment,approach_landing,low_thrust_margin,-181487.23049660982,0.0
V05-0117_hybrid,adaptive_cycle_plus_hybrid_electric,raw,segment,approach_landing,unmet_electric_load,804000.0,0.0
V05-0117_hybrid,adaptive_cycle_plus_hybrid_electric,corrected,mission,approach_landing,corrected_low_thrust_margin,-47177.918699591755,0.0
V05-0118_hybrid,adaptive_cycle_plus_hybrid_electric,raw,mission,,low_thrust_margin,1.0,0.0
V05-0118_hybrid,adaptive_cycle_plus_hybrid_electric,raw,mission,,unmet_electric_load,1.0,0.0
V05-0118_hybrid,adaptive_cycle_plus_hybrid_electric,raw,segment,takeoff,low_thrust_margin,-53795.73643678021,0.0
V05-0118_hybrid,adaptive_cycle_plus_hybrid_electric,raw,segment,climb,low_thrust_margin,-25235.801665719744,0.0
V05-0118_hybrid,adaptive_cycle_plus_hybrid_electric,raw,segment,descent,low_thrust_margin,-39339.60473644168,0.0
V05-0118_hybrid,adaptive_cycle_plus_hybrid_electric,raw,segment,approach_landing,low_net_thrust,222248.2108285679,0.0
V05-0118_hybrid,adaptive_cycle_plus_hybrid_electric,raw,segment,approach_landing,low_thrust_margin,-153718.04301910364,0.0
V05-0118_hybrid,adaptive_cycle_plus_hybrid_electric,raw,segment,approach_landing,unmet_electric_load,222248.2108285679,0.0
V05-0118_hybrid,adaptive_cycle_plus_hybrid_electric,corrected,mission,takeoff,corrected_low_thrust_margin,-53795.73643678021,0.0
V05-0119_hybrid,adaptive_cycle_plus_hybrid_electric,raw,mission,,low_thrust_margin,1.0,0.0
V05-0119_hybrid,adaptive_cycle_plus_hybrid_electric,raw,mission,,unmet_electric_load,1.0,0.0
V05-0119_hybrid,adaptive_cycle_plus_hybrid_electric,raw,segment,takeoff,low_thrust_margin,-57238.69389613172,0.0
V05-0119_hybrid,adaptive_cycle_plus_hybrid_electric,raw,segment,climb,low_thrust_margin,-26957.48611059133,0.0
V05-0119_hybrid,adaptive_cycle_plus_hybrid_electric,raw,segment,descent,low_thrust_margin,-40077.02680188672,0.0
V05-0119_hybrid,adaptive_cycle_plus_hybrid_electric,raw,segment,approach_landing,low_net_thrust,222248.2108285679,0.0
V05-0119_hybrid,adaptive_cycle_plus_hybrid_electric,raw,segment,approach_landing,low_thrust_margin,-159078.17407160642,0.0
V05-0119_hybrid,adaptive_cycle_plus_hybrid_electric,raw,segment,approach_landing,unmet_electric_load,222248.2108285679,0.0
V05-0119_hybrid,adaptive_cycle_plus_hybrid_electric,corrected,mission,takeoff,corrected_low_thrust_margin,-57238.69389613172,0.0
V05-0120_hybrid,adaptive_cycle_plus_hybrid_electric,raw,mission,,low_thrust_margin,1.0,0.0
V05-0120_hybrid,adaptive_cycle_plus_hybrid_electric,raw,mission,,unmet_electric_load,1.0,0.0
V05-0120_hybrid,adaptive_cycle_plus_hybrid_electric,raw,segment,takeoff,unmet_electric_load,34833.333333333336,0.0
V05-0120_hybrid,adaptive_cycle_plus_hybrid_electric,raw,segment,climb,unmet_electric_load,363912.5868589788,0.0
V05-0120_hybrid,adaptive_cycle_plus_hybrid_electric,raw,segment,descent,low_thrust_margin,-40439.90123986044,0.0
V05-0120_hybrid,adaptive_cycle_plus_hybrid_electric,raw,segment,approach_landing,low_thrust_margin,-174313.09617779276,0.0
V05-0120_hybrid,adaptive_cycle_plus_hybrid_electric,raw,segment,approach_landing,unmet_electric_load,551339.5838660474,0.0
V05-0120_hybrid,adaptive_cycle_plus_hybrid_electric,corrected,mission,descent,corrected_low_thrust_margin,-40439.90123986044,0.0
V05-0121_hybrid,adaptive_cycle_plus_hybrid_electric,raw,mission,,low_thrust_margin,1.0,0.0
V05-0121_hybrid,adaptive_cycle_plus_hybrid_electric,raw,mission,,unmet_electric_load,1.0,0.0
V05-0121_hybrid,adaptive_cycle_plus_hybrid_electric,raw,segment,takeoff,unmet_electric_load,34833.333333333336,0.0
V05-0121_hybrid,adaptive_cycle_plus_hybrid_electric,raw,segment,climb,unmet_electric_load,363912.5868589788,0.0
V05-0121_hybrid,adaptive_cycle_plus_hybrid_electric,raw,segment,descent,low_thrust_margin,-41204.87145359259,0.0
V05-0121_hybrid,adaptive_cycle_plus_hybrid_electric,raw,segment,approach_landing,low_thrust_margin,-179874.05236127012,0.0
V05-0121_hybrid,adaptive_cycle_plus_hybrid_electric,raw,segment,approach_landing,unmet_electric_load,551339.5838660474,0.0
V05-0121_hybrid,adaptive_cycle_plus_hybrid_electric,corrected,mission,descent,corrected_low_thrust_margin,-41204.87145359259,0.0
V05-0122_hybrid,adaptive_cycle_plus_hybrid_electric,raw,mission,,low_thrust_margin,1.0,0.0
V05-0122_hybrid,adaptive_cycle_plus_hybrid_electric,raw,segment,takeoff,low_thrust_margin,-58960.17262580745,0.0
V05-0122_hybrid,adaptive_cycle_plus_hybrid_electric,raw,segment,climb,low_thrust_margin,-27828.75957888356,0.0
V05-0122_hybrid,adaptive_cycle_plus_hybrid_electric,raw,segment,descent,low_thrust_margin,-40452.42535857001,0.0
V05-0122_hybrid,adaptive_cycle_plus_hybrid_electric,raw,segment,approach_landing,low_net_thrust,0.0,0.0
V05-0122_hybrid,adaptive_cycle_plus_hybrid_electric,raw,segment,approach_landing,low_thrust_margin,-145845.13052463142,0.0
V05-0122_hybrid,adaptive_cycle_plus_hybrid_electric,corrected,mission,takeoff,corrected_low_thrust_margin,-58960.17262580745,0.0
V05-0123_hybrid,adaptive_cycle_plus_hybrid_electric,raw,mission,,low_thrust_margin,1.0,0.0
V05-0123_hybrid,adaptive_cycle_plus_hybrid_electric,raw,segment,takeoff,low_thrust_margin,-62403.13008515893,0.0
V05-0123_hybrid,adaptive_cycle_plus_hybrid_electric,raw,segment,climb,low_thrust_margin,-29592.169007180986,0.0
V05-0123_hybrid,adaptive_cycle_plus_hybrid_electric,raw,segment,descent,low_thrust_margin,-41216.59751985819,0.0
V05-0123_hybrid,adaptive_cycle_plus_hybrid_electric,raw,segment,approach_landing,low_net_thrust,0.0,0.0
V05-0123_hybrid,adaptive_cycle_plus_hybrid_electric,raw,segment,approach_landing,low_thrust_margin,-151400.29129106013,0.0
V05-0123_hybrid,adaptive_cycle_plus_hybrid_electric,corrected,mission,takeoff,corrected_low_thrust_margin,-62403.13008515893,0.0
V05-0124_hybrid,adaptive_cycle_plus_hybrid_electric,raw,mission,,low_thrust_margin,1.0,0.0
V05-0124_hybrid,adaptive_cycle_plus_hybrid_electric,raw,segment,descent,low_thrust_margin,-36660.31802543983,0.0
V05-0124_hybrid,adaptive_cycle_plus_hybrid_electric,raw,segment,approach_landing,low_thrust_margin,-86072.22019250851,0.0
V05-0124_hybrid,adaptive_cycle_plus_hybrid_electric,corrected,mission,descent,corrected_low_thrust_margin,-36660.31802543983,0.0
V05-0125_hybrid,adaptive_cycle_plus_hybrid_electric,raw,mission,,low_thrust_margin,1.0,0.0
V05-0125_hybrid,adaptive_cycle_plus_hybrid_electric,raw,segment,descent,low_thrust_margin,-36660.31802543983,0.0
V05-0125_hybrid,adaptive_cycle_plus_hybrid_electric,raw,segment,approach_landing,low_thrust_margin,-86072.22019250851,0.0
V05-0125_hybrid,adaptive_cycle_plus_hybrid_electric,corrected,mission,descent,corrected_low_thrust_margin,-36660.31802543983,0.0
V05-0126_hybrid,adaptive_cycle_plus_hybrid_electric,raw,mission,,low_thrust_margin,1.0,0.0
V05-0126_hybrid,adaptive_cycle_plus_hybrid_electric,raw,segment,descent,low_thrust_margin,-36660.31802543983,0.0
V05-0126_hybrid,adaptive_cycle_plus_hybrid_electric,raw,segment,approach_landing,low_thrust_margin,-86072.22019250851,0.0
V05-0126_hybrid,adaptive_cycle_plus_hybrid_electric,corrected,mission,descent,corrected_low_thrust_margin,-36660.31802543983,0.0
V05-0127_hybrid,adaptive_cycle_plus_hybrid_electric,raw,mission,,low_thrust_margin,1.0,0.0
V05-0127_hybrid,adaptive_cycle_plus_hybrid_electric,raw,segment,descent,low_thrust_margin,-36660.31802543983,0.0
V05-0127_hybrid,adaptive_cycle_plus_hybrid_electric,raw,segment,approach_landing,low_thrust_margin,-86072.22019250851,0.0
V05-0127_hybrid,adaptive_cycle_plus_hybrid_electric,corrected,mission,descent,corrected_low_thrust_margin,-36660.31802543983,0.0
V05-0128_hybrid,adaptive_cycle_plus_hybrid_electric,raw,mission,,low_thrust_margin,1.0,0.0
V05-0128_hybrid,adaptive_cycle_plus_hybrid_electric,raw,segment,descent,low_thrust_margin,-37761.860436534706,0.0
V05-0128_hybrid,adaptive_cycle_plus_hybrid_electric,raw,segment,approach_landing,low_thrust_margin,-94075.14942164792,0.0
V05-0128_hybrid,adaptive_cycle_plus_hybrid_electric,corrected,mission,descent,corrected_low_thrust_margin,-37761.860436534706,0.0
V05-0129_hybrid,adaptive_cycle_plus_hybrid_electric,raw,mission,,low_thrust_margin,1.0,0.0
V05-0129_hybrid,adaptive_cycle_plus_hybrid_electric,raw,segment,descent,low_thrust_margin,-37761.860436534706,0.0
V05-0129_hybrid,adaptive_cycle_plus_hybrid_electric,raw,segment,approach_landing,low_thrust_margin,-94075.14942164792,0.0
V05-0129_hybrid,adaptive_cycle_plus_hybrid_electric,corrected,mission,descent,corrected_low_thrust_margin,-37761.860436534706,0.0
V05-0130_hybrid,adaptive_cycle_plus_hybrid_electric,raw,mission,,low_thrust_margin,1.0,0.0
V05-0130_hybrid,adaptive_cycle_plus_hybrid_electric,raw,segment,descent,low_thrust_margin,-37761.860436534706,0.0
V05-0130_hybrid,adaptive_cycle_plus_hybrid_electric,raw,segment,approach_landing,low_thrust_margin,-94075.14942164792,0.0
V05-0130_hybrid,adaptive_cycle_plus_hybrid_electric,corrected,mission,descent,corrected_low_thrust_margin,-37761.860436534706,0.0
V05-0131_hybrid,adaptive_cycle_plus_hybrid_electric,raw,mission,,low_thrust_margin,1.0,0.0
V05-0131_hybrid,adaptive_cycle_plus_hybrid_electric,raw,segment,descent,low_thrust_margin,-37761.860436534706,0.0
V05-0131_hybrid,adaptive_cycle_plus_hybrid_electric,raw,segment,approach_landing,low_thrust_margin,-94075.14942164792,0.0
V05-0131_hybrid,adaptive_cycle_plus_hybrid_electric,corrected,mission,descent,corrected_low_thrust_margin,-37761.860436534706,0.0
V05-0132_hybrid,adaptive_cycle_plus_hybrid_electric,raw,mission,,low_thrust_margin,1.0,0.0
V05-0132_hybrid,adaptive_cycle_plus_hybrid_electric,raw,mission,,unmet_electric_load,1.0,0.0
V05-0132_hybrid,adaptive_cycle_plus_hybrid_electric,raw,segment,descent,low_thrust_margin,-36886.60522917985,0.0
V05-0132_hybrid,adaptive_cycle_plus_hybrid_electric,raw,segment,approach_landing,low_thrust_margin,-157114.94357858683,0.0
V05-0132_hybrid,adaptive_cycle_plus_hybrid_electric,raw,segment,approach_landing,unmet_electric_load,149610.959531181,0.0
V05-0132_hybrid,adaptive_cycle_plus_hybrid_electric,corrected,mission,descent,corrected_low_thrust_margin,-36886.60522917985,0.0
V05-0133_hybrid,adaptive_cycle_plus_hybrid_electric,raw,mission,,low_thrust_margin,1.0,0.0
V05-0133_hybrid,adaptive_cycle_plus_hybrid_electric,raw,mission,,unmet_electric_load,1.0,0.0
V05-0133_hybrid,adaptive_cycle_plus_hybrid_electric,raw,segment,descent,low_thrust_margin,-37252.69019391297,0.0
V05-0133_hybrid,adaptive_cycle_plus_hybrid_electric,raw,segment,approach_landing,low_thrust_margin,-159774.5822887512,0.0
V05-0133_hybrid,adaptive_cycle_plus_hybrid_electric,raw,segment,approach_landing,unmet_electric_load,149610.959531181,0.0
V05-0133_hybrid,adaptive_cycle_plus_hybrid_electric,corrected,mission,descent,corrected_low_thrust_margin,-37252.69019391297,0.0
V05-0134_hybrid,adaptive_cycle_plus_hybrid_electric,raw,mission,,low_thrust_margin,1.0,0.0
V05-0134_hybrid,adaptive_cycle_plus_hybrid_electric,raw,segment,descent,low_thrust_margin,-36891.456825907124,0.0
V05-0134_hybrid,adaptive_cycle_plus_hybrid_electric,raw,segment,approach_landing,low_net_thrust,0.0,0.0
V05-0134_hybrid,adaptive_cycle_plus_hybrid_electric,raw,segment,approach_landing,low_thrust_margin,-166922.6140636533,0.0
V05-0134_hybrid,adaptive_cycle_plus_hybrid_electric,corrected,mission,descent,corrected_low_thrust_margin,-36891.456825907124,0.0
V05-0135_hybrid,adaptive_cycle_plus_hybrid_electric,raw,mission,,low_thrust_margin,1.0,0.0
V05-0135_hybrid,adaptive_cycle_plus_hybrid_electric,raw,segment,descent,low_thrust_margin,-37257.601635987725,0.0
V05-0135_hybrid,adaptive_cycle_plus_hybrid_electric,raw,segment,approach_landing,low_net_thrust,0.0,0.0
V05-0135_hybrid,adaptive_cycle_plus_hybrid_electric,raw,segment,approach_landing,low_thrust_margin,-169582.68909375748,0.0
V05-0135_hybrid,adaptive_cycle_plus_hybrid_electric,corrected,mission,descent,corrected_low_thrust_margin,-37257.601635987725,0.0
V05-0136_hybrid,adaptive_cycle_plus_hybrid_electric,raw,mission,,low_thrust_margin,1.0,0.0
V05-0136_hybrid,adaptive_cycle_plus_hybrid_electric,raw,segment,descent,low_thrust_margin,-37998.332376162005,0.0
V05-0136_hybrid,adaptive_cycle_plus_hybrid_electric,raw,segment,approach_landing,low_thrust_margin,-159331.14158822194,0.0
V05-0136_hybrid,adaptive_cycle_plus_hybrid_electric,corrected,mission,descent,corrected_low_thrust_margin,-37998.332376162005,0.0
V05-0137_hybrid,adaptive_cycle_plus_hybrid_electric,raw,mission,,low_thrust_margin,1.0,0.0
V05-0137_hybrid,adaptive_cycle_plus_hybrid_electric,raw,segment,descent,low_thrust_margin,-38377.88992116378,0.0
V05-0137_hybrid,adaptive_cycle_plus_hybrid_electric,raw,segment,approach_landing,low_thrust_margin,-162089.00589984292,0.0
V05-0137_hybrid,adaptive_cycle_plus_hybrid_electric,corrected,mission,descent,corrected_low_thrust_margin,-38377.88992116378,0.0
V05-0138_hybrid,adaptive_cycle_plus_hybrid_electric,raw,mission,,low_thrust_margin,1.0,0.0
V05-0138_hybrid,adaptive_cycle_plus_hybrid_electric,raw,segment,descent,low_thrust_margin,-38003.36351312942,0.0
V05-0138_hybrid,adaptive_cycle_plus_hybrid_electric,raw,segment,approach_landing,low_net_thrust,0.0,0.0
V05-0138_hybrid,adaptive_cycle_plus_hybrid_electric,raw,segment,approach_landing,low_thrust_margin,-175001.0623983701,0.0
V05-0138_hybrid,adaptive_cycle_plus_hybrid_electric,corrected,mission,descent,corrected_low_thrust_margin,-38003.36351312942,0.0
V05-0139_hybrid,adaptive_cycle_plus_hybrid_electric,raw,mission,,low_thrust_margin,1.0,0.0
V05-0139_hybrid,adaptive_cycle_plus_hybrid_electric,raw,segment,descent,low_thrust_margin,-38382.98090767081,0.0
V05-0139_hybrid,adaptive_cycle_plus_hybrid_electric,raw,segment,approach_landing,low_net_thrust,0.0,0.0
V05-0139_hybrid,adaptive_cycle_plus_hybrid_electric,raw,segment,approach_landing,low_thrust_margin,-177759.3630605002,0.0
V05-0139_hybrid,adaptive_cycle_plus_hybrid_electric,corrected,mission,descent,corrected_low_thrust_margin,-38382.98090767081,0.0
V05-0140_hybrid,adaptive_cycle_plus_hybrid_electric,raw,mission,,low_thrust_margin,1.0,0.0
V05-0140_hybrid,adaptive_cycle_plus_hybrid_electric,raw,mission,,unmet_electric_load,1.0,0.0
V05-0140_hybrid,adaptive_cycle_plus_hybrid_electric,raw,segment,takeoff,unmet_electric_load,34833.333333333336,0.0
V05-0140_hybrid,adaptive_cycle_plus_hybrid_electric,raw,segment,climb,unmet_electric_load,607261.0460236444,0.0
V05-0140_hybrid,adaptive_cycle_plus_hybrid_electric,raw,segment,descent,low_thrust_margin,-37105.37824610609,0.0
V05-0140_hybrid,adaptive_cycle_plus_hybrid_electric,raw,segment,approach_landing,low_thrust_margin,-163446.63678186105,0.0
V05-0140_hybrid,adaptive_cycle_plus_hybrid_electric,raw,segment,approach_landing,unmet_electric_load,804000.0,0.0
V05-0140_hybrid,adaptive_cycle_plus_hybrid_electric,corrected,mission,descent,corrected_low_thrust_margin,-37105.37824610609,0.0
V05-0141_hybrid,adaptive_cycle_plus_hybrid_electric,raw,mission,,low_thrust_margin,1.0,0.0
V05-0141_hybrid,adaptive_cycle_plus_hybrid_electric,raw,mission,,unmet_electric_load,1.0,0.0
V05-0141_hybrid,adaptive_cycle_plus_hybrid_electric,raw,segment,takeoff,unmet_electric_load,34833.333333333336,0.0
V05-0141_hybrid,adaptive_cycle_plus_hybrid_electric,raw,segment,climb,unmet_electric_load,607261.0460236444,0.0
V05-0141_hybrid,adaptive_cycle_plus_hybrid_electric,raw,segment,descent,low_thrust_margin,-37847.41051737186,0.0
V05-0141_hybrid,adaptive_cycle_plus_hybrid_electric,raw,segment,approach_landing,low_thrust_margin,-168837.81857775632,0.0
V05-0141_hybrid,adaptive_cycle_plus_hybrid_electric,raw,segment,approach_landing,unmet_electric_load,804000.0,0.0
V05-0141_hybrid,adaptive_cycle_plus_hybrid_electric,corrected,mission,descent,corrected_low_thrust_margin,-37847.41051737186,0.0
V05-0142_hybrid,adaptive_cycle_plus_hybrid_electric,raw,mission,,low_thrust_margin,1.0,0.0
V05-0142_hybrid,adaptive_cycle_plus_hybrid_electric,raw,mission,,unmet_electric_load,1.0,0.0
V05-0142_hybrid,adaptive_cycle_plus_hybrid_electric,raw,segment,takeoff,low_thrust_margin,-17915.980919641763,0.0
V05-0142_hybrid,adaptive_cycle_plus_hybrid_electric,raw,segment,climb,low_thrust_margin,-5753.521022890505,0.0
V05-0142_hybrid,adaptive_cycle_plus_hybrid_electric,raw,segment,descent,low_thrust_margin,-37130.60783209562,0.0
V05-0142_hybrid,adaptive_cycle_plus_hybrid_electric,raw,segment,approach_landing,low_net_thrust,222248.2108285679,0.0
V05-0142_hybrid,adaptive_cycle_plus_hybrid_electric,raw,segment,approach_landing,low_thrust_margin,-154476.8425524574,0.0
V05-0142_hybrid,adaptive_cycle_plus_hybrid_electric,raw,segment,approach_landing,unmet_electric_load,222248.2108285679,0.0
V05-0142_hybrid,adaptive_cycle_plus_hybrid_electric,corrected,mission,descent,corrected_low_thrust_margin,-37130.60783209562,0.0
V05-0143_hybrid,adaptive_cycle_plus_hybrid_electric,raw,mission,,low_thrust_margin,1.0,0.0
V05-0143_hybrid,adaptive_cycle_plus_hybrid_electric,raw,mission,,unmet_electric_load,1.0,0.0
V05-0143_hybrid,adaptive_cycle_plus_hybrid_electric,raw,segment,takeoff,low_thrust_margin,-21426.96771566331,0.0
V05-0143_hybrid,adaptive_cycle_plus_hybrid_electric,raw,segment,climb,low_thrust_margin,-7540.405164949276,0.0
V05-0143_hybrid,adaptive_cycle_plus_hybrid_electric,raw,segment,descent,low_thrust_margin,-37872.07332583989,0.0
V05-0143_hybrid,adaptive_cycle_plus_hybrid_electric,raw,segment,approach_landing,low_net_thrust,222248.2108285679,0.0
V05-0143_hybrid,adaptive_cycle_plus_hybrid_electric,raw,segment,approach_landing,low_thrust_margin,-159863.92175038133,0.0
V05-0143_hybrid,adaptive_cycle_plus_hybrid_electric,raw,segment,approach_landing,unmet_electric_load,222248.2108285679,0.0
V05-0143_hybrid,adaptive_cycle_plus_hybrid_electric,corrected,mission,descent,corrected_low_thrust_margin,-37872.07332583989,0.0
V05-0144_hybrid,adaptive_cycle_plus_hybrid_electric,raw,mission,,low_thrust_margin,1.0,0.0
V05-0144_hybrid,adaptive_cycle_plus_hybrid_electric,raw,mission,,unmet_electric_load,1.0,0.0
V05-0144_hybrid,adaptive_cycle_plus_hybrid_electric,raw,segment,takeoff,unmet_electric_load,34833.333333333336,0.0
V05-0144_hybrid,adaptive_cycle_plus_hybrid_electric,raw,segment,climb,unmet_electric_load,363912.5868589788,0.0
V05-0144_hybrid,adaptive_cycle_plus_hybrid_electric,raw,segment,descent,low_thrust_margin,-38224.194088174714,0.0
V05-0144_hybrid,adaptive_cycle_plus_hybrid_electric,raw,segment,approach_landing,low_thrust_margin,-161677.62559183766,0.0
V05-0144_hybrid,adaptive_cycle_plus_hybrid_electric,raw,segment,approach_landing,unmet_electric_load,551339.5838660474,0.0
V05-0144_hybrid,adaptive_cycle_plus_hybrid_electric,corrected,mission,descent,corrected_low_thrust_margin,-38224.194088174714,0.0
V05-0145_hybrid,adaptive_cycle_plus_hybrid_electric,raw,mission,,low_thrust_margin,1.0,0.0
V05-0145_hybrid,adaptive_cycle_plus_hybrid_electric,raw,mission,,unmet_electric_load,1.0,0.0
V05-0145_hybrid,adaptive_cycle_plus_hybrid_electric,raw,segment,takeoff,unmet_electric_load,34833.333333333336,0.0
V05-0145_hybrid,adaptive_cycle_plus_hybrid_electric,raw,segment,climb,unmet_electric_load,363912.5868589788,0.0
V05-0145_hybrid,adaptive_cycle_plus_hybrid_electric,raw,segment,descent,low_thrust_margin,-38993.12372113848,0.0
V05-0145_hybrid,adaptive_cycle_plus_hybrid_electric,raw,segment,approach_landing,low_thrust_margin,-167264.9107126798,0.0
V05-0145_hybrid,adaptive_cycle_plus_hybrid_electric,raw,segment,approach_landing,unmet_electric_load,551339.5838660474,0.0
V05-0145_hybrid,adaptive_cycle_plus_hybrid_electric,corrected,mission,descent,corrected_low_thrust_margin,-38993.12372113848,0.0
V05-0146_hybrid,adaptive_cycle_plus_hybrid_electric,raw,mission,,low_thrust_margin,1.0,0.0
V05-0146_hybrid,adaptive_cycle_plus_hybrid_electric,raw,segment,takeoff,low_thrust_margin,-23182.4611136741,0.0
V05-0146_hybrid,adaptive_cycle_plus_hybrid_electric,raw,segment,climb,low_thrust_margin,-8444.694775986529,0.0
V05-0146_hybrid,adaptive_cycle_plus_hybrid_electric,raw,segment,descent,low_thrust_margin,-38249.51412458736,0.0
V05-0146_hybrid,adaptive_cycle_plus_hybrid_electric,raw,segment,approach_landing,low_net_thrust,0.0,0.0
V05-0146_hybrid,adaptive_cycle_plus_hybrid_electric,raw,segment,approach_landing,low_thrust_margin,-146644.50194112476,0.0
V05-0146_hybrid,adaptive_cycle_plus_hybrid_electric,corrected,mission,descent,corrected_low_thrust_margin,-38249.51412458736,0.0
V05-0147_hybrid,adaptive_cycle_plus_hybrid_electric,raw,mission,,low_thrust_margin,1.0,0.0
V05-0147_hybrid,adaptive_cycle_plus_hybrid_electric,raw,segment,takeoff,low_thrust_margin,-26693.44790969568,0.0
V05-0147_hybrid,adaptive_cycle_plus_hybrid_electric,raw,segment,climb,low_thrust_margin,-10274.969078076858,0.0
V05-0147_hybrid,adaptive_cycle_plus_hybrid_electric,raw,segment,descent,low_thrust_margin,-39017.81182583299,0.0
V05-0147_hybrid,adaptive_cycle_plus_hybrid_electric,raw,segment,approach_landing,low_net_thrust,0.0,0.0
V05-0147_hybrid,adaptive_cycle_plus_hybrid_electric,raw,segment,approach_landing,low_thrust_margin,-152227.20951300595,0.0
V05-0147_hybrid,adaptive_cycle_plus_hybrid_electric,corrected,mission,descent,corrected_low_thrust_margin,-39017.81182583299,0.0
V05-0148_hybrid,adaptive_cycle_plus_hybrid_electric,raw,mission,,low_thrust_margin,1.0,0.0
V05-0148_hybrid,adaptive_cycle_plus_hybrid_electric,raw,segment,descent,low_thrust_margin,-36613.02605836527,0.0
V05-0148_hybrid,adaptive_cycle_plus_hybrid_electric,raw,segment,approach_landing,low_thrust_margin,-85728.65798737266,0.0
V05-0148_hybrid,adaptive_cycle_plus_hybrid_electric,corrected,mission,descent,corrected_low_thrust_margin,-36613.02605836527,0.0
V05-0149_hybrid,adaptive_cycle_plus_hybrid_electric,raw,mission,,low_thrust_margin,1.0,0.0
V05-0149_hybrid,adaptive_cycle_plus_hybrid_electric,raw,segment,descent,low_thrust_margin,-36613.02605836527,0.0
V05-0149_hybrid,adaptive_cycle_plus_hybrid_electric,raw,segment,approach_landing,low_thrust_margin,-85728.65798737266,0.0
V05-0149_hybrid,adaptive_cycle_plus_hybrid_electric,corrected,mission,descent,corrected_low_thrust_margin,-36613.02605836527,0.0
V05-0150_hybrid,adaptive_cycle_plus_hybrid_electric,raw,mission,,low_thrust_margin,1.0,0.0
V05-0150_hybrid,adaptive_cycle_plus_hybrid_electric,raw,segment,descent,low_thrust_margin,-36613.02605836527,0.0
V05-0150_hybrid,adaptive_cycle_plus_hybrid_electric,raw,segment,approach_landing,low_thrust_margin,-85728.65798737266,0.0
V05-0150_hybrid,adaptive_cycle_plus_hybrid_electric,corrected,mission,descent,corrected_low_thrust_margin,-36613.02605836527,0.0
V05-0151_hybrid,adaptive_cycle_plus_hybrid_electric,raw,mission,,low_thrust_margin,1.0,0.0
V05-0151_hybrid,adaptive_cycle_plus_hybrid_electric,raw,segment,descent,low_thrust_margin,-36613.02605836527,0.0
V05-0151_hybrid,adaptive_cycle_plus_hybrid_electric,raw,segment,approach_landing,low_thrust_margin,-85728.65798737266,0.0
V05-0151_hybrid,adaptive_cycle_plus_hybrid_electric,corrected,mission,descent,corrected_low_thrust_margin,-36613.02605836527,0.0
V05-0152_hybrid,adaptive_cycle_plus_hybrid_electric,raw,mission,,low_thrust_margin,1.0,0.0
V05-0152_hybrid,adaptive_cycle_plus_hybrid_electric,raw,segment,descent,low_thrust_margin,-37711.092091571314,0.0
V05-0152_hybrid,adaptive_cycle_plus_hybrid_electric,raw,segment,approach_landing,low_thrust_margin,-93706.28480879267,0.0
V05-0152_hybrid,adaptive_cycle_plus_hybrid_electric,corrected,mission,descent,corrected_low_thrust_margin,-37711.092091571314,0.0
V05-0153_hybrid,adaptive_cycle_plus_hybrid_electric,raw,mission,,low_thrust_margin,1.0,0.0
V05-0153_hybrid,adaptive_cycle_plus_hybrid_electric,raw,segment,descent,low_thrust_margin,-37711.092091571314,0.0
V05-0153_hybrid,adaptive_cycle_plus_hybrid_electric,raw,segment,approach_landing,low_thrust_margin,-93706.28480879267,0.0
V05-0153_hybrid,adaptive_cycle_plus_hybrid_electric,corrected,mission,descent,corrected_low_thrust_margin,-37711.092091571314,0.0
V05-0154_hybrid,adaptive_cycle_plus_hybrid_electric,raw,mission,,low_thrust_margin,1.0,0.0
V05-0154_hybrid,adaptive_cycle_plus_hybrid_electric,raw,segment,descent,low_thrust_margin,-37711.092091571314,0.0
V05-0154_hybrid,adaptive_cycle_plus_hybrid_electric,raw,segment,approach_landing,low_thrust_margin,-93706.28480879267,0.0
V05-0154_hybrid,adaptive_cycle_plus_hybrid_electric,corrected,mission,descent,corrected_low_thrust_margin,-37711.092091571314,0.0
V05-0155_hybrid,adaptive_cycle_plus_hybrid_electric,raw,mission,,low_thrust_margin,1.0,0.0
V05-0155_hybrid,adaptive_cycle_plus_hybrid_electric,raw,segment,descent,low_thrust_margin,-37711.092091571314,0.0
V05-0155_hybrid,adaptive_cycle_plus_hybrid_electric,raw,segment,approach_landing,low_thrust_margin,-93706.28480879267,0.0
V05-0155_hybrid,adaptive_cycle_plus_hybrid_electric,corrected,mission,descent,corrected_low_thrust_margin,-37711.092091571314,0.0
V05-0156_hybrid,adaptive_cycle_plus_hybrid_electric,raw,mission,,low_thrust_margin,1.0,0.0
V05-0156_hybrid,adaptive_cycle_plus_hybrid_electric,raw,mission,,unmet_electric_load,1.0,0.0
V05-0156_hybrid,adaptive_cycle_plus_hybrid_electric,raw,segment,descent,low_thrust_margin,-36837.53214706094,0.0
V05-0156_hybrid,adaptive_cycle_plus_hybrid_electric,raw,segment,approach_landing,low_thrust_margin,-156758.43226066875,0.0
V05-0156_hybrid,adaptive_cycle_plus_hybrid_electric,raw,segment,approach_landing,unmet_electric_load,149610.959531181,0.0
V05-0156_hybrid,adaptive_cycle_plus_hybrid_electric,corrected,mission,descent,corrected_low_thrust_margin,-36837.53214706094,0.0
V05-0157_hybrid,adaptive_cycle_plus_hybrid_electric,raw,mission,,low_thrust_margin,1.0,0.0
V05-0157_hybrid,adaptive_cycle_plus_hybrid_electric,raw,mission,,unmet_electric_load,1.0,0.0
V05-0157_hybrid,adaptive_cycle_plus_hybrid_electric,raw,segment,descent,low_thrust_margin,-37202.44301799693,0.0
V05-0157_hybrid,adaptive_cycle_plus_hybrid_electric,raw,segment,approach_landing,low_thrust_margin,-159409.52543924047,0.0
V05-0157_hybrid,adaptive_cycle_plus_hybrid_electric,raw,segment,approach_landing,unmet_electric_load,149610.959531181,0.0
V05-0157_hybrid,adaptive_cycle_plus_hybrid_electric,corrected,mission,descent,corrected_low_thrust_margin,-37202.44301799693,0.0
V05-0158_hybrid,adaptive_cycle_plus_hybrid_electric,raw,mission,,low_thrust_margin,1.0,0.0
V05-0158_hybrid,adaptive_cycle_plus_hybrid_electric,raw,segment,descent,low_thrust_margin,-36842.371388225736,0.0
V05-0158_hybrid,adaptive_cycle_plus_hybrid_electric,raw,segment,approach_landing,low_net_thrust,0.0,0.0
V05-0158_hybrid,adaptive_cycle_plus_hybrid_electric,raw,segment,approach_landing,low_thrust_margin,-166566.01277470117,0.0
V05-0158_hybrid,adaptive_cycle_plus_hybrid_electric,corrected,mission,descent,corrected_low_thrust_margin,-36842.371388225736,0.0
V05-0159_hybrid,adaptive_cycle_plus_hybrid_electric,raw,mission,,low_thrust_margin,1.0,0.0
V05-0159_hybrid,adaptive_cycle_plus_hybrid_electric,raw,segment,descent,low_thrust_margin,-37207.341966883876,0.0
V05-0159_hybrid,adaptive_cycle_plus_hybrid_electric,raw,segment,approach_landing,low_net_thrust,0.0,0.0
V05-0159_hybrid,adaptive_cycle_plus_hybrid_electric,raw,segment,approach_landing,low_thrust_margin,-169217.54126961643,0.0
V05-0159_hybrid,adaptive_cycle_plus_hybrid_electric,corrected,mission,descent,corrected_low_thrust_margin,-37207.341966883876,0.0
V05-0160_hybrid,adaptive_cycle_plus_hybrid_electric,raw,mission,,low_thrust_margin,1.0,0.0
V05-0160_hybrid,adaptive_cycle_plus_hybrid_electric,raw,segment,descent,low_thrust_margin,-37945.69555148087,0.0
V05-0160_hybrid,adaptive_cycle_plus_hybrid_electric,raw,segment,approach_landing,low_thrust_margin,-158948.6913866143,0.0
V05-0160_hybrid,adaptive_cycle_plus_hybrid_electric,corrected,mission,descent,corrected_low_thrust_margin,-37945.69555148087,0.0
V05-0161_hybrid,adaptive_cycle_plus_hybrid_electric,raw,mission,,low_thrust_margin,1.0,0.0
V05-0161_hybrid,adaptive_cycle_plus_hybrid_electric,raw,segment,descent,low_thrust_margin,-38324.037545867795,0.0
V05-0161_hybrid,adaptive_cycle_plus_hybrid_electric,raw,segment,approach_landing,low_thrust_margin,-161697.707909434,0.0
V05-0161_hybrid,adaptive_cycle_plus_hybrid_electric,corrected,mission,descent,corrected_low_thrust_margin,-38324.037545867795,0.0
V05-0162_hybrid,adaptive_cycle_plus_hybrid_electric,raw,mission,,low_thrust_margin,1.0,0.0
V05-0162_hybrid,adaptive_cycle_plus_hybrid_electric,raw,segment,descent,low_thrust_margin,-37950.71392063635,0.0
V05-0162_hybrid,adaptive_cycle_plus_hybrid_electric,raw,segment,approach_landing,low_net_thrust,0.0,0.0
V05-0162_hybrid,adaptive_cycle_plus_hybrid_electric,raw,segment,approach_landing,low_thrust_margin,-174618.51921950647,0.0
V05-0162_hybrid,adaptive_cycle_plus_hybrid_electric,corrected,mission,descent,corrected_low_thrust_margin,-37950.71392063635,0.0
V05-0163_hybrid,adaptive_cycle_plus_hybrid_electric,raw,mission,,low_thrust_margin,1.0,0.0
V05-0163_hybrid,adaptive_cycle_plus_hybrid_electric,raw,segment,descent,low_thrust_margin,-38329.11562756548,0.0
V05-0163_hybrid,adaptive_cycle_plus_hybrid_electric,raw,segment,approach_landing,low_net_thrust,0.0,0.0
V05-0163_hybrid,adaptive_cycle_plus_hybrid_electric,raw,segment,approach_landing,low_thrust_margin,-177367.97109381598,0.0
V05-0163_hybrid,adaptive_cycle_plus_hybrid_electric,corrected,mission,descent,corrected_low_thrust_margin,-38329.11562756548,0.0
V05-0164_hybrid,adaptive_cycle_plus_hybrid_electric,raw,mission,,low_thrust_margin,1.0,0.0
V05-0164_hybrid,adaptive_cycle_plus_hybrid_electric,raw,mission,,unmet_electric_load,1.0,0.0
V05-0164_hybrid,adaptive_cycle_plus_hybrid_electric,raw,segment,takeoff,unmet_electric_load,34833.333333333336,0.0
V05-0164_hybrid,adaptive_cycle_plus_hybrid_electric,raw,segment,climb,unmet_electric_load,607261.0460236444,0.0
V05-0164_hybrid,adaptive_cycle_plus_hybrid_electric,raw,segment,descent,low_thrust_margin,-37055.608894109864,0.0
V05-0164_hybrid,adaptive_cycle_plus_hybrid_electric,raw,segment,approach_landing,low_thrust_margin,-163085.0576771328,0.0
V05-0164_hybrid,adaptive_cycle_plus_hybrid_electric,raw,segment,approach_landing,unmet_electric_load,804000.0,0.0
V05-0164_hybrid,adaptive_cycle_plus_hybrid_electric,corrected,mission,descent,corrected_low_thrust_margin,-37055.608894109864,0.0
V05-0165_hybrid,adaptive_cycle_plus_hybrid_electric,raw,mission,,low_thrust_margin,1.0,0.0
V05-0165_hybrid,adaptive_cycle_plus_hybrid_electric,raw,mission,,unmet_electric_load,1.0,0.0
V05-0165_hybrid,adaptive_cycle_plus_hybrid_electric,raw,segment,takeoff,unmet_electric_load,34833.333333333336,0.0
V05-0165_hybrid,adaptive_cycle_plus_hybrid_electric,raw,segment,climb,unmet_electric_load,607261.0460236444,0.0
V05-0165_hybrid,adaptive_cycle_plus_hybrid_electric,raw,segment,descent,low_thrust_margin,-37795.26279156832,0.0
V05-0165_hybrid,adaptive_cycle_plus_hybrid_electric,raw,segment,approach_landing,low_thrust_margin,-168458.92832426686,0.0
V05-0165_hybrid,adaptive_cycle_plus_hybrid_electric,raw,segment,approach_landing,unmet_electric_load,804000.0,0.0
V05-0165_hybrid,adaptive_cycle_plus_hybrid_electric,corrected,mission,descent,corrected_low_thrust_margin,-37795.26279156832,0.0
V05-0166_hybrid,adaptive_cycle_plus_hybrid_electric,raw,mission,,low_thrust_margin,1.0,0.0
V05-0166_hybrid,adaptive_cycle_plus_hybrid_electric,raw,mission,,unmet_electric_load,1.0,0.0
V05-0166_hybrid,adaptive_cycle_plus_hybrid_electric,raw,segment,takeoff,low_thrust_margin,-15117.218924397544,0.0
V05-0166_hybrid,adaptive_cycle_plus_hybrid_electric,raw,segment,climb,low_thrust_margin,-4349.837077349555,0.0
V05-0166_hybrid,adaptive_cycle_plus_hybrid_electric,raw,segment,descent,low_thrust_margin,-37081.962618573816,0.0
V05-0166_hybrid,adaptive_cycle_plus_hybrid_electric,raw,segment,approach_landing,low_net_thrust,222248.2108285679,0.0
V05-0166_hybrid,adaptive_cycle_plus_hybrid_electric,raw,segment,approach_landing,low_thrust_margin,-154123.42934380195,0.0
V05-0166_hybrid,adaptive_cycle_plus_hybrid_electric,raw,segment,approach_landing,unmet_electric_load,222248.2108285679,0.0
V05-0166_hybrid,adaptive_cycle_plus_hybrid_electric,corrected,mission,descent,corrected_low_thrust_margin,-37081.962618573816,0.0
V05-0167_hybrid,adaptive_cycle_plus_hybrid_electric,raw,mission,,low_thrust_margin,1.0,0.0
V05-0167_hybrid,adaptive_cycle_plus_hybrid_electric,raw,mission,,unmet_electric_load,1.0,0.0
V05-0167_hybrid,adaptive_cycle_plus_hybrid_electric,raw,segment,takeoff,low_thrust_margin,-18560.176383749058,0.0
V05-0167_hybrid,adaptive_cycle_plus_hybrid_electric,raw,segment,climb,low_thrust_margin,-6079.211492600836,0.0
V05-0167_hybrid,adaptive_cycle_plus_hybrid_electric,raw,segment,descent,low_thrust_margin,-37821.09199744441,0.0
V05-0167_hybrid,adaptive_cycle_plus_hybrid_electric,raw,segment,approach_landing,low_net_thrust,222248.2108285679,0.0
V05-0167_hybrid,adaptive_cycle_plus_hybrid_electric,raw,segment,approach_landing,low_thrust_margin,-159493.50517412004,0.0
V05-0167_hybrid,adaptive_cycle_plus_hybrid_electric,raw,segment,approach_landing,unmet_electric_load,222248.2108285679,0.0
V05-0167_hybrid,adaptive_cycle_plus_hybrid_electric,corrected,mission,descent,corrected_low_thrust_margin,-37821.09199744441,0.0
V05-0168_hybrid,adaptive_cycle_plus_hybrid_electric,raw,mission,,low_thrust_margin,1.0,0.0
V05-0168_hybrid,adaptive_cycle_plus_hybrid_electric,raw,mission,,unmet_electric_load,1.0,0.0
V05-0168_hybrid,adaptive_cycle_plus_hybrid_electric,raw,segment,takeoff,unmet_electric_load,34833.333333333336,0.0
V05-0168_hybrid,adaptive_cycle_plus_hybrid_electric,raw,segment,climb,unmet_electric_load,363912.5868589788,0.0
V05-0168_hybrid,adaptive_cycle_plus_hybrid_electric,raw,segment,descent,low_thrust_margin,-38170.85471009113,0.0
V05-0168_hybrid,adaptive_cycle_plus_hybrid_electric,raw,segment,approach_landing,low_thrust_margin,-161290.0613742171,0.0
V05-0168_hybrid,adaptive_cycle_plus_hybrid_electric,raw,segment,approach_landing,unmet_electric_load,551339.5838660474,0.0
V05-0168_hybrid,adaptive_cycle_plus_hybrid_electric,corrected,mission,descent,corrected_low_thrust_margin,-38170.85471009113,0.0
V05-0169_hybrid,adaptive_cycle_plus_hybrid_electric,raw,mission,,low_thrust_margin,1.0,0.0
V05-0169_hybrid,adaptive_cycle_plus_hybrid_electric,raw,mission,,unmet_electric_load,1.0,0.0
V05-0169_hybrid,adaptive_cycle_plus_hybrid_electric,raw,segment,takeoff,unmet_electric_load,34833.333333333336,0.0
V05-0169_hybrid,adaptive_cycle_plus_hybrid_electric,raw,segment,climb,unmet_electric_load,363912.5868589788,0.0
V05-0169_hybrid,adaptive_cycle_plus_hybrid_electric,raw,segment,descent,low_thrust_margin,-38937.32365480883,0.0
V05-0169_hybrid,adaptive_cycle_plus_hybrid_electric,raw,segment,approach_landing,low_thrust_margin,-166859.43519773084,0.0
V05-0169_hybrid,adaptive_cycle_plus_hybrid_electric,raw,segment,approach_landing,unmet_electric_load,551339.5838660474,0.0
V05-0169_hybrid,adaptive_cycle_plus_hybrid_electric,corrected,mission,descent,corrected_low_thrust_margin,-38937.32365480883,0.0
V05-0170_hybrid,adaptive_cycle_plus_hybrid_electric,raw,mission,,low_thrust_margin,1.0,0.0
V05-0170_hybrid,adaptive_cycle_plus_hybrid_electric,raw,segment,takeoff,low_thrust_margin,-20281.655113424757,0.0
V05-0170_hybrid,adaptive_cycle_plus_hybrid_electric,raw,segment,climb,low_thrust_margin,-6954.329946082944,0.0
V05-0170_hybrid,adaptive_cycle_plus_hybrid_electric,raw,segment,descent,low_thrust_margin,-38197.34421084049,0.0
V05-0170_hybrid,adaptive_cycle_plus_hybrid_electric,raw,segment,approach_landing,low_net_thrust,0.0,0.0
V05-0170_hybrid,adaptive_cycle_plus_hybrid_electric,raw,segment,approach_landing,low_thrust_margin,-146265.43401605278,0.0
V05-0170_hybrid,adaptive_cycle_plus_hybrid_electric,corrected,mission,descent,corrected_low_thrust_margin,-38197.34421084049,0.0
V05-0171_hybrid,adaptive_cycle_plus_hybrid_electric,raw,mission,,low_thrust_margin,1.0,0.0
V05-0171_hybrid,adaptive_cycle_plus_hybrid_electric,raw,segment,takeoff,low_thrust_margin,-23724.61257277627,0.0
V05-0171_hybrid,adaptive_cycle_plus_hybrid_electric,raw,segment,climb,low_thrust_margin,-8725.42934476008,0.0
V05-0171_hybrid,adaptive_cycle_plus_hybrid_electric,raw,segment,descent,low_thrust_margin,-38963.223685554236,0.0
V05-0171_hybrid,adaptive_cycle_plus_hybrid_electric,raw,segment,approach_landing,low_net_thrust,0.0,0.0
V05-0171_hybrid,adaptive_cycle_plus_hybrid_electric,raw,segment,approach_landing,low_thrust_margin,-151830.53956029686,0.0
V05-0171_hybrid,adaptive_cycle_plus_hybrid_electric,corrected,mission,descent,corrected_low_thrust_margin,-38963.223685554236,0.0
