case_id,case_family,changed_parameter,changed_value,propulsion_case,mission_fuel_kg,fuel_delta_vs_baseline_pct,estimated_mtow_kg,mtow_margin_to_upper_kg,min_thrust_margin_N,min_thrust_margin_ratio,raw_min_thrust_margin_N,raw_min_thrust_margin_ratio,raw_low_thrust_margin,raw_limiting_segment,corrected_approach_min_thrust_margin_N,corrected_approach_min_thrust_margin_ratio,corrected_low_thrust_margin,approach_model_sensitive,sizing_or_schedule_low_thrust,unmet_electric_load,unmet_electric_load_Wh,within_mtow_upper_bound,feasible_basic_raw,feasible_basic_corrected,takeoff_proxy_index,landing_proxy_index,constraint_count,conclusion_status_raw,conclusion_status_corrected,conclusion_status
V05-0001_baseline,baseline,baseline,baseline,baseline_fixed_cycle_turbofan,13712.666393267995,0.0,90714.9911824971,4285.008817502894,-39897.2915536737,-0.7488197179718766,-104611.55537619304,-0.5807301516292886,True,approach_landing,-39897.2915536737,-0.7488197179718766,True,False,True,False,0.0,True,False,False,7857.667309022469,1291.9393037068376,5,rejected_low_thrust_margin,rejected_corrected_low_thrust_margin,rejected_corrected_low_thrust_margin
V05-0001_adaptive,baseline,baseline,baseline,adaptive_cycle_turbofan,11946.349527666916,-12.880914732004436,88948.72153967943,6051.2784603205655,-39823.36356221416,-0.7484707132331708,-102980.47687972552,-0.5730802257589652,True,approach_landing,-39823.36356221416,-0.7484707132331708,True,False,True,False,0.0,True,False,False,7230.174613347759,1287.753860168884,5,rejected_low_thrust_margin,rejected_corrected_low_thrust_margin,rejected_corrected_low_thrust_margin
V05-0001_hybrid,baseline,baseline,baseline,adaptive_cycle_plus_hybrid_electric,12443.225045810233,-9.257436234873857,93643.22504581024,1356.7749541897647,-41330.10106467904,-0.7553975549654726,-146505.56341178864,-0.7373600561524687,True,approach_landing,-41330.10106467904,-0.7553975549654726,True,False,True,True,287117.0432304107,True,False,False,9405.570797792094,1347.7497482992721,8,rejected_low_thrust_margin,rejected_corrected_low_thrust_margin,rejected_corrected_low_thrust_margin
V05-0002_baseline,one_at_a_time,sea_level_static_thrust_N_per_engine,130000.0,baseline_fixed_cycle_turbofan,15315.562694375261,11.689165732888986,92315.56269437526,2684.4373056247423,-38233.538181132215,-0.7164925913722127,-95268.98663567337,-0.5273774508260028,True,approach_landing,-38233.538181132215,-0.7164925913722127,True,False,True,False,0.0,True,False,False,7197.7355379999035,1279.0710468135142,5,rejected_low_thrust_margin,rejected_corrected_low_thrust_margin,rejected_corrected_low_thrust_margin
V05-0002_adaptive,one_at_a_time,sea_level_static_thrust_N_per_engine,130000.0,adaptive_cycle_turbofan,13359.445781786544,-2.5758711059641803,90363.51473415192,4636.485265848081,-38152.16857649371,-0.7160596225989612,-93441.65628074823,-0.5186476220888031,True,approach_landing,-38152.16857649371,-0.7160596225989612,True,False,True,False,0.0,True,False,False,6600.322684893922,1274.5188525720864,4,rejected_low_thrust_margin,rejected_corrected_low_thrust_margin,rejected_corrected_low_thrust_margin
V05-0002_hybrid,one_at_a_time,sea_level_static_thrust_N_per_engine,130000.0,adaptive_cycle_plus_hybrid_electric,13762.694419390009,0.36483076804504305,94965.58673582315,34.41326417685195,-39660.810574126815,-0.723878009284204,-136976.72253097157,-0.6877484191658725,True,approach_landing,-39660.810574126815,-0.723878009284204,True,False,True,True,287117.0432304107,True,False,False,8296.612644549294,1333.9537608800517,7,rejected_low_thrust_margin,rejected_corrected_low_thrust_margin,rejected_corrected_low_thrust_margin
V05-0003_baseline,one_at_a_time,sea_level_static_thrust_N_per_engine,150000.0,baseline_fixed_cycle_turbofan,16033.201568747372,16.922567128291004,93037.92261159327,1962.0773884067312,-35981.59780710242,-0.6733384212630764,-82567.55882627546,-0.455972107551085,True,approach_landing,-35981.59780710242,-0.6733384212630764,True,False,True,False,0.0,True,False,False,6335.112212182915,1260.68214736809,4,rejected_low_thrust_margin,rejected_corrected_low_thrust_margin,rejected_corrected_low_thrust_margin
V05-0003_adaptive,one_at_a_time,sea_level_static_thrust_N_per_engine,150000.0,adaptive_cycle_turbofan,13920.440488087876,1.5151983491838168,90924.2801660339,4075.719833966097,-35889.251551345245,-0.6727729357818538,-80470.90720288726,-0.4457352562426756,True,approach_landing,-35889.251551345245,-0.6727729357818538,True,False,True,False,0.0,True,False,False,5790.628765360487,1255.6004881010754,4,rejected_low_thrust_margin,rejected_corrected_low_thrust_margin,rejected_corrected_low_thrust_margin
V05-0003_hybrid,one_at_a_time,sea_level_static_thrust_N_per_engine,150000.0,adaptive_cycle_plus_hybrid_electric,14319.725670296619,4.426996614798779,95524.41624065867,-524.4162406586693,-37401.987996387536,-0.6817963832151975,-124030.54698256808,-0.6215118757377759,True,approach_landing,-37401.987996387536,-0.6817963832151975,True,False,True,True,287117.0432304107,False,False,False,7055.496343962952,1314.518907735203,6,rejected_low_thrust_margin,rejected_corrected_low_thrust_margin,rejected_corrected_low_thrust_margin
V05-0004_baseline,one_at_a_time,cruise_tsfc_multiplier,0.9,baseline_fixed_cycle_turbofan,12644.550706841841,-7.789263267941291,89647.14441737915,5352.855582620847,-39860.904733480274,-0.7486480614924939,-104412.86717438324,-0.5802671956386259,True,approach_landing,-39860.904733480274,-0.7486480614924939,True,False,True,False,0.0,True,False,False,7673.6804145115175,1290.5162720599526,5,rejected_low_thrust_margin,rejected_corrected_low_thrust_margin,rejected_corrected_low_thrust_margin
V05-0004_adaptive,one_at_a_time,cruise_tsfc_multiplier,0.9,adaptive_cycle_turbofan,11035.244061279376,-19.525176615563655,88037.80487777053,6962.195122229474,-39792.38123827279,-0.7483241610176009,-102811.2587453103,-0.5726778212285727,True,approach_landing,-39792.38123827279,-0.7483241610176009,True,False,True,False,0.0,True,False,False,7082.778394763101,1286.5395929804165,5,rejected_low_thrust_margin,rejected_corrected_low_thrust_margin,rejected_corrected_low_thrust_margin
V05-0004_hybrid,one_at_a_time,cruise_tsfc_multiplier,0.9,adaptive_cycle_plus_hybrid_electric,11545.904083365946,-15.801174241107368,92745.90408336595,2254.095916634047,-41297.75191748103,-0.7552528479486347,-146329.4045082955,-0.7371269916757134,True,approach_landing,-41297.75191748103,-0.7552528479486347,True,False,True,True,287117.0432304107,True,False,False,9226.101948461688,1346.5925182941878,8,rejected_low_thrust_margin,rejected_corrected_low_thrust_margin,rejected_corrected_low_thrust_margin
V05-0005_baseline,one_at_a_time,cruise_tsfc_multiplier,1.1,baseline_fixed_cycle_turbofan,14780.927108874086,7.790320897258436,91782.97604475141,3217.0239552485873,-39933.728111399294,-0.7489913743102656,-104810.45243804173,-0.5811925725338097,True,approach_landing,-39933.728111399294,-0.7489913743102656,True,False,True,False,0.0,True,False,False,8043.858035521155,1293.3624254358097,5,rejected_low_thrust_margin,rejected_corrected_low_thrust_margin,rejected_corrected_low_thrust_margin
V05-0005_adaptive,one_at_a_time,cruise_tsfc_multiplier,1.1,adaptive_cycle_turbofan,12857.552538443557,-6.235941503282264,89859.73147202033,5140.2685279796715,-39854.38219237438,-0.7486172663071635,-103149.84759186796,-0.5734822349321949,True,approach_landing,-39854.38219237438,-0.7486172663071635,True,False,True,False,0.0,True,False,False,7379.104098463115,1288.9681966306018,5,rejected_low_thrust_margin,rejected_corrected_low_thrust_margin,rejected_corrected_low_thrust_margin
V05-0005_hybrid,one_at_a_time,cruise_tsfc_multiplier,1.1,adaptive_cycle_plus_hybrid_electric,13340.54600825452,-2.7136982286403577,94540.54600825452,459.4539917454822,-41362.484843241036,-0.7555422456084822,-146681.8638944585,-0.7375928945397836,True,approach_landing,-41362.484843241036,-0.7555422456084822,True,False,True,True,287117.0432304107,True,False,False,9586.768413802614,1348.9069848436504,8,rejected_low_thrust_margin,rejected_corrected_low_thrust_margin,rejected_corrected_low_thrust_margin
V05-0006_baseline,one_at_a_time,cruise_ld,13.0,baseline_fixed_cycle_turbofan,13712.666393267995,0.0,90714.9911824971,4285.008817502894,-39897.2915536737,-0.7488197179718766,-104611.55537619304,-0.5807301516292886,True,approach_landing,-39897.2915536737,-0.7488197179718766,True,False,True,False,0.0,True,False,False,7857.667309022469,1291.9393037068376,5,rejected_low_thrust_margin,rejected_corrected_low_thrust_margin,rejected_corrected_low_thrust_margin
V05-0006_adaptive,one_at_a_time,cruise_ld,13.0,adaptive_cycle_turbofan,11946.349527666916,-12.880914732004436,88948.72153967943,6051.2784603205655,-39823.36356221416,-0.7484707132331708,-102980.47687972552,-0.5730802257589652,True,approach_landing,-39823.36356221416,-0.7484707132331708,True,False,True,False,0.0,True,False,False,7230.174613347759,1287.753860168884,5,rejected_low_thrust_margin,rejected_corrected_low_thrust_margin,rejected_corrected_low_thrust_margin
V05-0006_hybrid,one_at_a_time,cruise_ld,13.0,adaptive_cycle_plus_hybrid_electric,12443.225045810233,-9.257436234873857,93643.22504581024,1356.7749541897647,-41330.10106467904,-0.7553975549654726,-146505.56341178864,-0.7373600561524687,True,approach_landing,-41330.10106467904,-0.7553975549654726,True,False,True,True,287117.0432304107,True,False,False,9405.570797792094,1347.7497482992721,8,rejected_low_thrust_margin,rejected_corrected_low_thrust_margin,rejected_corrected_low_thrust_margin
V05-0007_baseline,one_at_a_time,cruise_ld,15.0,baseline_fixed_cycle_turbofan,13712.666393267995,0.0,90714.9911824971,4285.008817502894,-39897.2915536737,-0.7488197179718766,-104611.55537619304,-0.5807301516292886,True,approach_landing,-39897.2915536737,-0.7488197179718766,True,False,True,False,0.0,True,False,False,7857.667309022469,1291.9393037068376,5,rejected_low_thrust_margin,rejected_corrected_low_thrust_margin,rejected_corrected_low_thrust_margin
V05-0007_adaptive,one_at_a_time,cruise_ld,15.0,adaptive_cycle_turbofan,11946.349527666916,-12.880914732004436,88948.72153967943,6051.2784603205655,-39823.36356221416,-0.7484707132331708,-102980.47687972552,-0.5730802257589652,True,approach_landing,-39823.36356221416,-0.7484707132331708,True,False,True,False,0.0,True,False,False,7230.174613347759,1287.753860168884,5,rejected_low_thrust_margin,rejected_corrected_low_thrust_margin,rejected_corrected_low_thrust_margin
V05-0007_hybrid,one_at_a_time,cruise_ld,15.0,adaptive_cycle_plus_hybrid_electric,12443.225045810233,-9.257436234873857,93643.22504581024,1356.7749541897647,-41330.10106467904,-0.7553975549654726,-146505.56341178864,-0.7373600561524687,True,approach_landing,-41330.10106467904,-0.7553975549654726,True,False,True,True,287117.0432304107,True,False,False,9405.570797792094,1347.7497482992721,8,rejected_low_thrust_margin,rejected_corrected_low_thrust_margin,rejected_corrected_low_thrust_margin
V05-0008_baseline,one_at_a_time,cruise_ld,17.0,baseline_fixed_cycle_turbofan,13124.771727492087,-4.287238155699062,90134.72739167418,4865.272608325817,-39884.83360130622,-0.7487609734159075,-104521.02729188984,-0.5805193422223169,True,approach_landing,-39884.83360130622,-0.7487609734159075,True,False,True,False,0.0,True,False,False,7757.419144509979,1291.2911036984156,4,rejected_low_thrust_margin,rejected_corrected_low_thrust_margin,rejected_corrected_low_thrust_margin
V05-0008_adaptive,one_at_a_time,cruise_ld,17.0,adaptive_cycle_turbofan,11286.125642897807,-17.69561572329549,88294.5989699087,6705.401030091307,-39808.55751455427,-0.7484006991435841,-102872.83471362563,-0.5728243380332734,True,approach_landing,-39808.55751455427,-0.7484006991435841,True,False,True,False,0.0,True,False,False,7124.17682784773,1286.9815654947652,4,rejected_low_thrust_margin,rejected_corrected_low_thrust_margin,rejected_corrected_low_thrust_margin
V05-0008_hybrid,one_at_a_time,cruise_ld,17.0,adaptive_cycle_plus_hybrid_electric,12233.17925631098,-10.789200980513499,93451.19276976101,1548.807230238992,-41330.9960986534,-0.7554015562765636,-146512.07139179952,-0.737368658525137,True,approach_landing,-41330.9960986534,-0.7554015562765636,True,False,True,True,287117.0432304107,True,False,False,9367.017950173687,1347.7924830959744,7,rejected_low_thrust_margin,rejected_corrected_low_thrust_margin,rejected_corrected_low_thrust_margin
V05-0009_baseline,one_at_a_time,cruise_ld,18.0,baseline_fixed_cycle_turbofan,12517.408756691468,-8.716449465753202,89531.42790349334,5468.5720965066575,-39870.64499366417,-0.7486940346050793,-104417.92323798167,-0.5802789892614877,True,approach_landing,-39870.64499366417,-0.7486940346050793,True,False,True,False,0.0,True,False,False,7653.873689161607,1290.5525017063028,4,rejected_low_thrust_margin,rejected_corrected_low_thrust_margin,rejected_corrected_low_thrust_margin
V05-0009_adaptive,one_at_a_time,cruise_ld,18.0,adaptive_cycle_turbofan,10786.150989592545,-21.34169474955049,87797.03291169624,7202.967088303762,-39796.586005933525,-0.7483440603738545,-102785.80018915544,-0.572617214550212,True,approach_landing,-39796.586005933525,-0.7483440603738545,True,False,True,False,0.0,True,False,False,7044.072507886783,1286.356819924892,4,rejected_low_thrust_margin,rejected_corrected_low_thrust_margin,rejected_corrected_low_thrust_margin
V05-0009_hybrid,one_at_a_time,cruise_ld,18.0,adaptive_cycle_plus_hybrid_electric,11712.448647393281,-14.586643388748138,92917.67983235492,2082.3201676450844,-41312.275521884716,-0.7553178373717494,-146375.95025438967,-0.7371886135469943,True,approach_landing,-41312.275521884716,-0.7553178373717494,True,False,True,True,287117.0432304107,True,False,False,9260.324195586738,1346.8983782301668,7,rejected_low_thrust_margin,rejected_corrected_low_thrust_margin,rejected_corrected_low_thrust_margin
V05-0010_baseline,one_at_a_time,mtow_upper_kg,87500.0,baseline_fixed_cycle_turbofan,13712.666393267995,0.0,90714.9911824971,-3214.991182497106,-39897.2915536737,-0.7488197179718766,-104611.55537619304,-0.5807301516292886,True,approach_landing,-39897.2915536737,-0.7488197179718766,True,False,True,False,0.0,False,False,False,7857.667309022469,1291.9393037068376,5,rejected_low_thrust_margin,rejected_corrected_low_thrust_margin,rejected_corrected_low_thrust_margin
V05-0010_adaptive,one_at_a_time,mtow_upper_kg,87500.0,adaptive_cycle_turbofan,11946.349527666916,-12.880914732004436,88948.72153967943,-1448.7215396794345,-39823.36356221416,-0.7484707132331708,-102980.47687972552,-0.5730802257589652,True,approach_landing,-39823.36356221416,-0.7484707132331708,True,False,True,False,0.0,False,False,False,7230.174613347759,1287.753860168884,5,rejected_low_thrust_margin,rejected_corrected_low_thrust_margin,rejected_corrected_low_thrust_margin
V05-0010_hybrid,one_at_a_time,mtow_upper_kg,87500.0,adaptive_cycle_plus_hybrid_electric,12443.225045810233,-9.257436234873857,93643.22504581024,-6143.225045810235,-41330.10106467904,-0.7553975549654726,-146505.56341178864,-0.7373600561524687,True,approach_landing,-41330.10106467904,-0.7553975549654726,True,False,True,True,287117.0432304107,False,False,False,9405.570797792094,1347.7497482992721,8,rejected_low_thrust_margin,rejected_corrected_low_thrust_margin,rejected_corrected_low_thrust_margin
V05-0011_baseline,one_at_a_time,mtow_upper_kg,90000.0,baseline_fixed_cycle_turbofan,13712.666393267995,0.0,90714.9911824971,-714.9911824971059,-39897.2915536737,-0.7488197179718766,-104611.55537619304,-0.5807301516292886,True,approach_landing,-39897.2915536737,-0.7488197179718766,True,False,True,False,0.0,False,False,False,7857.667309022469,1291.9393037068376,5,rejected_low_thrust_margin,rejected_corrected_low_thrust_margin,rejected_corrected_low_thrust_margin
V05-0011_adaptive,one_at_a_time,mtow_upper_kg,90000.0,adaptive_cycle_turbofan,11946.349527666916,-12.880914732004436,88948.72153967943,1051.2784603205655,-39823.36356221416,-0.7484707132331708,-102980.47687972552,-0.5730802257589652,True,approach_landing,-39823.36356221416,-0.7484707132331708,True,False,True,False,0.0,True,False,False,7230.174613347759,1287.753860168884,5,rejected_low_thrust_margin,rejected_corrected_low_thrust_margin,rejected_corrected_low_thrust_margin
V05-0011_hybrid,one_at_a_time,mtow_upper_kg,90000.0,adaptive_cycle_plus_hybrid_electric,12443.225045810233,-9.257436234873857,93643.22504581024,-3643.2250458102353,-41330.10106467904,-0.7553975549654726,-146505.56341178864,-0.7373600561524687,True,approach_landing,-41330.10106467904,-0.7553975549654726,True,False,True,True,287117.0432304107,False,False,False,9405.570797792094,1347.7497482992721,8,rejected_low_thrust_margin,rejected_corrected_low_thrust_margin,rejected_corrected_low_thrust_margin
V05-0012_baseline,one_at_a_time,total_electric_power_W,0.0,baseline_fixed_cycle_turbofan,13712.666393267995,0.0,90714.9911824971,4285.008817502894,-39897.2915536737,-0.7488197179718766,-104611.55537619304,-0.5807301516292886,True,approach_landing,-39897.2915536737,-0.7488197179718766,True,False,True,False,0.0,True,False,False,7857.667309022469,1291.9393037068376,5,rejected_low_thrust_margin,rejected_corrected_low_thrust_margin,rejected_corrected_low_thrust_margin
V05-0012_adaptive,one_at_a_time,total_electric_power_W,0.0,adaptive_cycle_turbofan,11946.349527666916,-12.880914732004436,88948.72153967943,6051.2784603205655,-39823.36356221416,-0.7484707132331708,-102980.47687972552,-0.5730802257589652,True,approach_landing,-39823.36356221416,-0.7484707132331708,True,False,True,False,0.0,True,False,False,7230.174613347759,1287.753860168884,5,rejected_low_thrust_margin,rejected_corrected_low_thrust_margin,rejected_corrected_low_thrust_margin
V05-0012_hybrid,one_at_a_time,total_electric_power_W,0.0,adaptive_cycle_plus_hybrid_electric,11996.31465194808,-12.516542677378409,92198.78974184845,2801.21025815155,-40954.42536436887,-0.7537064316267488,-111203.93638843574,-0.5917624274341755,True,approach_landing,-40954.42536436887,-0.7537064316267488,True,False,True,False,0.0,True,False,False,7768.440598022145,1345.5762858602968,5,rejected_low_thrust_margin,rejected_corrected_low_thrust_margin,rejected_corrected_low_thrust_margin
V05-0013_baseline,one_at_a_time,total_electric_power_W,2000000.0,baseline_fixed_cycle_turbofan,13712.666393267995,0.0,90714.9911824971,4285.008817502894,-39897.2915536737,-0.7488197179718766,-104611.55537619304,-0.5807301516292886,True,approach_landing,-39897.2915536737,-0.7488197179718766,True,False,True,False,0.0,True,False,False,7857.667309022469,1291.9393037068376,5,rejected_low_thrust_margin,rejected_corrected_low_thrust_margin,rejected_corrected_low_thrust_margin
V05-0013_adaptive,one_at_a_time,total_electric_power_W,2000000.0,adaptive_cycle_turbofan,11946.349527666916,-12.880914732004436,88948.72153967943,6051.2784603205655,-39823.36356221416,-0.7484707132331708,-102980.47687972552,-0.5730802257589652,True,approach_landing,-39823.36356221416,-0.7484707132331708,True,False,True,False,0.0,True,False,False,7230.174613347759,1287.753860168884,5,rejected_low_thrust_margin,rejected_corrected_low_thrust_margin,rejected_corrected_low_thrust_margin
V05-0013_hybrid,one_at_a_time,total_electric_power_W,2000000.0,adaptive_cycle_plus_hybrid_electric,12337.45152623155,-10.02879256007849,93039.27005851187,1960.7299414881272,-47560.73590853944,-0.7129183844857353,-178883.55513546648,-0.9032900936051658,True,approach_landing,-47560.73590853944,-0.7129183844857353,True,False,True,False,0.0,True,False,False,10721.66699264023,1388.3493085301234,6,rejected_low_thrust_margin,rejected_corrected_low_thrust_margin,rejected_corrected_low_thrust_margin
V05-0014_baseline,one_at_a_time,total_electric_power_W,6000000.0,baseline_fixed_cycle_turbofan,13712.666393267995,0.0,90714.9911824971,4285.008817502894,-39897.2915536737,-0.7488197179718766,-104611.55537619304,-0.5807301516292886,True,approach_landing,-39897.2915536737,-0.7488197179718766,True,False,True,False,0.0,True,False,False,7857.667309022469,1291.9393037068376,5,rejected_low_thrust_margin,rejected_corrected_low_thrust_margin,rejected_corrected_low_thrust_margin
V05-0014_adaptive,one_at_a_time,total_electric_power_W,6000000.0,adaptive_cycle_turbofan,11946.349527666916,-12.880914732004436,88948.72153967943,6051.2784603205655,-39823.36356221416,-0.7484707132331708,-102980.47687972552,-0.5730802257589652,True,approach_landing,-39823.36356221416,-0.7484707132331708,True,False,True,False,0.0,True,False,False,7230.174613347759,1287.753860168884,5,rejected_low_thrust_margin,rejected_corrected_low_thrust_margin,rejected_corrected_low_thrust_margin
V05-0014_hybrid,one_at_a_time,total_electric_power_W,6000000.0,adaptive_cycle_plus_hybrid_electric,12502.87007115762,-8.8224732332459,94202.87007115762,797.1299288423761,-94120.74726379325,-0.6370428034728036,-160182.61732821786,-0.7360027337733387,True,approach_landing,-94120.74726379325,-0.6370428034728036,True,False,True,False,0.0,True,False,False,30700.3612574476,1241.2788882490788,9,rejected_low_thrust_margin,rejected_corrected_low_thrust_margin,rejected_corrected_low_thrust_margin
V05-0015_baseline,one_at_a_time,total_electric_power_W,8000000.0,baseline_fixed_cycle_turbofan,13712.666393267995,0.0,90714.9911824971,4285.008817502894,-39897.2915536737,-0.7488197179718766,-104611.55537619304,-0.5807301516292886,True,approach_landing,-39897.2915536737,-0.7488197179718766,True,False,True,False,0.0,True,False,False,7857.667309022469,1291.9393037068376,5,rejected_low_thrust_margin,rejected_corrected_low_thrust_margin,rejected_corrected_low_thrust_margin
V05-0015_adaptive,one_at_a_time,total_electric_power_W,8000000.0,adaptive_cycle_turbofan,11946.349527666916,-12.880914732004436,88948.72153967943,6051.2784603205655,-39823.36356221416,-0.7484707132331708,-102980.47687972552,-0.5730802257589652,True,approach_landing,-39823.36356221416,-0.7484707132331708,True,False,True,False,0.0,True,False,False,7230.174613347759,1287.753860168884,5,rejected_low_thrust_margin,rejected_corrected_low_thrust_margin,rejected_corrected_low_thrust_margin
V05-0015_hybrid,one_at_a_time,total_electric_power_W,8000000.0,adaptive_cycle_plus_hybrid_electric,12520.15471500623,-8.696424488582382,94720.15471500623,279.84528499377484,-77057.19997620893,-0.5187011132927838,-146459.68075108583,-0.6688259309486719,True,approach_landing,-77057.19997620893,-0.5187011132927838,True,False,True,True,56911.91906236186,True,False,False,22699.477090696062,1228.1076870108107,11,rejected_low_thrust_margin,rejected_corrected_low_thrust_margin,rejected_corrected_low_thrust_margin
V05-0016_baseline,one_at_a_time,battery_capacity_Wh,250000.0,baseline_fixed_cycle_turbofan,13712.666393267995,0.0,90714.9911824971,4285.008817502894,-39897.2915536737,-0.7488197179718766,-104611.55537619304,-0.5807301516292886,True,approach_landing,-39897.2915536737,-0.7488197179718766,True,False,True,False,0.0,True,False,False,7857.667309022469,1291.9393037068376,5,rejected_low_thrust_margin,rejected_corrected_low_thrust_margin,rejected_corrected_low_thrust_margin
V05-0016_adaptive,one_at_a_time,battery_capacity_Wh,250000.0,adaptive_cycle_turbofan,11946.349527666916,-12.880914732004436,88948.72153967943,6051.2784603205655,-39823.36356221416,-0.7484707132331708,-102980.47687972552,-0.5730802257589652,True,approach_landing,-39823.36356221416,-0.7484707132331708,True,False,True,False,0.0,True,False,False,7230.174613347759,1287.753860168884,5,rejected_low_thrust_margin,rejected_corrected_low_thrust_margin,rejected_corrected_low_thrust_margin
V05-0016_hybrid,one_at_a_time,battery_capacity_Wh,250000.0,adaptive_cycle_plus_hybrid_electric,12443.225045810233,-9.257436234873857,92643.22504581024,2356.7749541897647,-40967.66373910538,-0.7537664222439922,-148370.73627487203,-0.7715442772654869,True,approach_landing,-40967.66373910538,-0.7537664222439922,True,False,True,True,452453.33499661664,True,False,False,9205.675836233428,1368.6564290329795,9,rejected_low_thrust_margin,rejected_corrected_low_thrust_margin,rejected_corrected_low_thrust_margin
V05-0017_baseline,one_at_a_time,battery_capacity_Wh,1000000.0,baseline_fixed_cycle_turbofan,13712.666393267995,0.0,90714.9911824971,4285.008817502894,-39897.2915536737,-0.7488197179718766,-104611.55537619304,-0.5807301516292886,True,approach_landing,-39897.2915536737,-0.7488197179718766,True,False,True,False,0.0,True,False,False,7857.667309022469,1291.9393037068376,5,rejected_low_thrust_margin,rejected_corrected_low_thrust_margin,rejected_corrected_low_thrust_margin
V05-0017_adaptive,one_at_a_time,battery_capacity_Wh,1000000.0,adaptive_cycle_turbofan,11946.349527666916,-12.880914732004436,88948.72153967943,6051.2784603205655,-39823.36356221416,-0.7484707132331708,-102980.47687972552,-0.5730802257589652,True,approach_landing,-39823.36356221416,-0.7484707132331708,True,False,True,False,0.0,True,False,False,7230.174613347759,1287.753860168884,5,rejected_low_thrust_margin,rejected_corrected_low_thrust_margin,rejected_corrected_low_thrust_margin
V05-0017_hybrid,one_at_a_time,battery_capacity_Wh,1000000.0,adaptive_cycle_plus_hybrid_electric,12443.225045810233,-9.257436234873857,95643.22504581024,-643.2250458102353,-42068.16183832049,-0.7586532423771065,-140938.0470509431,-0.6611595460947352,True,approach_landing,-42068.16183832049,-0.7586532423771065,True,False,True,True,8000.0,False,False,False,9811.801850118678,1293.7154132093378,8,rejected_low_thrust_margin,rejected_corrected_low_thrust_margin,rejected_corrected_low_thrust_margin
V05-0018_baseline,one_at_a_time,max_generator_power_W_total,2000000.0,baseline_fixed_cycle_turbofan,13712.666393267995,0.0,90714.9911824971,4285.008817502894,-39897.2915536737,-0.7488197179718766,-104611.55537619304,-0.5807301516292886,True,approach_landing,-39897.2915536737,-0.7488197179718766,True,False,True,False,0.0,True,False,False,7857.667309022469,1291.9393037068376,5,rejected_low_thrust_margin,rejected_corrected_low_thrust_margin,rejected_corrected_low_thrust_margin
V05-0018_adaptive,one_at_a_time,max_generator_power_W_total,2000000.0,adaptive_cycle_turbofan,11946.349527666916,-12.880914732004436,88948.72153967943,6051.2784603205655,-39823.36356221416,-0.7484707132331708,-102980.47687972552,-0.5730802257589652,True,approach_landing,-39823.36356221416,-0.7484707132331708,True,False,True,False,0.0,True,False,False,7230.174613347759,1287.753860168884,5,rejected_low_thrust_margin,rejected_corrected_low_thrust_margin,rejected_corrected_low_thrust_margin
V05-0018_hybrid,one_at_a_time,max_generator_power_W_total,2000000.0,adaptive_cycle_plus_hybrid_electric,12458.485240074962,-9.146150844949833,93658.48524007497,1341.514759925034,-41332.74771753933,-0.7554093866307792,-169777.62432557126,-0.8159183920053011,True,approach_landing,-41332.74771753933,-0.7554093866307792,True,False,True,False,0.0,True,False,False,9408.637865879937,1309.5837025261364,7,rejected_low_thrust_margin,rejected_corrected_low_thrust_margin,rejected_corrected_low_thrust_margin
V05-0019_baseline,one_at_a_time,max_generator_power_W_total,4000000.0,baseline_fixed_cycle_turbofan,13712.666393267995,0.0,90714.9911824971,4285.008817502894,-39897.2915536737,-0.7488197179718766,-104611.55537619304,-0.5807301516292886,True,approach_landing,-39897.2915536737,-0.7488197179718766,True,False,True,False,0.0,True,False,False,7857.667309022469,1291.9393037068376,5,rejected_low_thrust_margin,rejected_corrected_low_thrust_margin,rejected_corrected_low_thrust_margin
V05-0019_adaptive,one_at_a_time,max_generator_power_W_total,4000000.0,adaptive_cycle_turbofan,11946.349527666916,-12.880914732004436,88948.72153967943,6051.2784603205655,-39823.36356221416,-0.7484707132331708,-102980.47687972552,-0.5730802257589652,True,approach_landing,-39823.36356221416,-0.7484707132331708,True,False,True,False,0.0,True,False,False,7230.174613347759,1287.753860168884,5,rejected_low_thrust_margin,rejected_corrected_low_thrust_margin,rejected_corrected_low_thrust_margin
V05-0019_hybrid,one_at_a_time,max_generator_power_W_total,4000000.0,adaptive_cycle_plus_hybrid_electric,12473.37545284092,-9.0375635553672,93673.37545284092,1326.624547159081,-51756.53075580331,-0.35228766168794895,-169813.04764992965,-0.8159497242896192,True,approach_landing,-51756.53075580331,-0.35228766168794895,True,False,True,False,0.0,True,False,False,17762.210275924474,1309.6020899092152,8,rejected_low_thrust_margin,rejected_corrected_low_thrust_margin,rejected_corrected_low_thrust_margin
V05-0020_baseline,one_at_a_time,max_generator_power_W_total,8000000.0,baseline_fixed_cycle_turbofan,13712.666393267995,0.0,90714.9911824971,4285.008817502894,-39897.2915536737,-0.7488197179718766,-104611.55537619304,-0.5807301516292886,True,approach_landing,-39897.2915536737,-0.7488197179718766,True,False,True,False,0.0,True,False,False,7857.667309022469,1291.9393037068376,5,rejected_low_thrust_margin,rejected_corrected_low_thrust_margin,rejected_corrected_low_thrust_margin
V05-0020_adaptive,one_at_a_time,max_generator_power_W_total,8000000.0,adaptive_cycle_turbofan,11946.349527666916,-12.880914732004436,88948.72153967943,6051.2784603205655,-39823.36356221416,-0.7484707132331708,-102980.47687972552,-0.5730802257589652,True,approach_landing,-39823.36356221416,-0.7484707132331708,True,False,True,False,0.0,True,False,False,7230.174613347759,1287.753860168884,5,rejected_low_thrust_margin,rejected_corrected_low_thrust_margin,rejected_corrected_low_thrust_margin
V05-0020_hybrid,one_at_a_time,max_generator_power_W_total,8000000.0,adaptive_cycle_plus_hybrid_electric,12473.37545284092,-9.0375635553672,93673.37545284092,1326.624547159081,-51756.53075580331,-0.35228766168794895,-169813.04764992965,-0.8159497242896192,True,approach_landing,-51756.53075580331,-0.35228766168794895,True,False,True,False,0.0,True,False,False,17762.210275924474,1309.6020899092152,8,rejected_low_thrust_margin,rejected_corrected_low_thrust_margin,rejected_corrected_low_thrust_margin
V05-0021_baseline,one_at_a_time,hybrid_mass_per_MW_kg,150.0,baseline_fixed_cycle_turbofan,13712.666393267995,0.0,90714.9911824971,4285.008817502894,-39897.2915536737,-0.7488197179718766,-104611.55537619304,-0.5807301516292886,True,approach_landing,-39897.2915536737,-0.7488197179718766,True,False,True,False,0.0,True,False,False,7857.667309022469,1291.9393037068376,5,rejected_low_thrust_margin,rejected_corrected_low_thrust_margin,rejected_corrected_low_thrust_margin
V05-0021_adaptive,one_at_a_time,hybrid_mass_per_MW_kg,150.0,adaptive_cycle_turbofan,11946.349527666916,-12.880914732004436,88948.72153967943,6051.2784603205655,-39823.36356221416,-0.7484707132331708,-102980.47687972552,-0.5730802257589652,True,approach_landing,-39823.36356221416,-0.7484707132331708,True,False,True,False,0.0,True,False,False,7230.174613347759,1287.753860168884,5,rejected_low_thrust_margin,rejected_corrected_low_thrust_margin,rejected_corrected_low_thrust_margin
V05-0021_hybrid,one_at_a_time,hybrid_mass_per_MW_kg,150.0,adaptive_cycle_plus_hybrid_electric,12443.225045810233,-9.257436234873857,93243.22504581024,1756.7749541897647,-41184.598689549806,-0.7547453314193069,-145447.59201470713,-0.7359540769931666,True,approach_landing,-41184.598689549806,-0.7547453314193069,True,False,True,True,287117.0432304107,True,False,False,9325.355168000257,1340.7857374074542,8,rejected_low_thrust_margin,rejected_corrected_low_thrust_margin,rejected_corrected_low_thrust_margin
V05-0022_baseline,one_at_a_time,hybrid_mass_per_MW_kg,400.0,baseline_fixed_cycle_turbofan,13712.666393267995,0.0,90714.9911824971,4285.008817502894,-39897.2915536737,-0.7488197179718766,-104611.55537619304,-0.5807301516292886,True,approach_landing,-39897.2915536737,-0.7488197179718766,True,False,True,False,0.0,True,False,False,7857.667309022469,1291.9393037068376,5,rejected_low_thrust_margin,rejected_corrected_low_thrust_margin,rejected_corrected_low_thrust_margin
V05-0022_adaptive,one_at_a_time,hybrid_mass_per_MW_kg,400.0,adaptive_cycle_turbofan,11946.349527666916,-12.880914732004436,88948.72153967943,6051.2784603205655,-39823.36356221416,-0.7484707132331708,-102980.47687972552,-0.5730802257589652,True,approach_landing,-39823.36356221416,-0.7484707132331708,True,False,True,False,0.0,True,False,False,7230.174613347759,1287.753860168884,5,rejected_low_thrust_margin,rejected_corrected_low_thrust_margin,rejected_corrected_low_thrust_margin
V05-0022_hybrid,one_at_a_time,hybrid_mass_per_MW_kg,400.0,adaptive_cycle_plus_hybrid_electric,12443.225045810233,-9.257436234873857,94243.22504581024,756.7749541897647,-41549.673239622294,-0.7563752598842874,-148102.1342512753,-0.7394536798587279,True,approach_landing,-41549.673239622294,-0.7563752598842874,True,False,True,True,287117.0432304107,True,False,False,9526.538355400773,1358.196207679254,8,rejected_low_thrust_margin,rejected_corrected_low_thrust_margin,rejected_corrected_low_thrust_margin
V05-0023_baseline,one_at_a_time,blown_flap_clmax_increment_fraction,0.1,baseline_fixed_cycle_turbofan,13712.666393267995,0.0,90714.9911824971,4285.008817502894,-39897.2915536737,-0.7488197179718766,-104611.55537619304,-0.5807301516292886,True,approach_landing,-39897.2915536737,-0.7488197179718766,True,False,True,False,0.0,True,False,False,7857.667309022469,1291.9393037068376,5,rejected_low_thrust_margin,rejected_corrected_low_thrust_margin,rejected_corrected_low_thrust_margin
V05-0023_adaptive,one_at_a_time,blown_flap_clmax_increment_fraction,0.1,adaptive_cycle_turbofan,11946.349527666916,-12.880914732004436,88948.72153967943,6051.2784603205655,-39823.36356221416,-0.7484707132331708,-102980.47687972552,-0.5730802257589652,True,approach_landing,-39823.36356221416,-0.7484707132331708,True,False,True,False,0.0,True,False,False,7230.174613347759,1287.753860168884,5,rejected_low_thrust_margin,rejected_corrected_low_thrust_margin,rejected_corrected_low_thrust_margin
V05-0023_hybrid,one_at_a_time,blown_flap_clmax_increment_fraction,0.1,adaptive_cycle_plus_hybrid_electric,12443.225045810233,-9.257436234873857,93643.22504581024,1356.7749541897647,-41330.10106467904,-0.7553975549654726,-146505.56341178864,-0.7373600561524687,True,approach_landing,-41330.10106467904,-0.7553975549654726,True,False,True,True,287117.0432304107,True,False,False,9334.04322534524,1342.4437902951079,8,rejected_low_thrust_margin,rejected_corrected_low_thrust_margin,rejected_corrected_low_thrust_margin
V05-0024_baseline,one_at_a_time,blown_flap_clmax_increment_fraction,0.2,baseline_fixed_cycle_turbofan,13712.666393267995,0.0,90714.9911824971,4285.008817502894,-39897.2915536737,-0.7488197179718766,-104611.55537619304,-0.5807301516292886,True,approach_landing,-39897.2915536737,-0.7488197179718766,True,False,True,False,0.0,True,False,False,7857.667309022469,1291.9393037068376,5,rejected_low_thrust_margin,rejected_corrected_low_thrust_margin,rejected_corrected_low_thrust_margin
V05-0024_adaptive,one_at_a_time,blown_flap_clmax_increment_fraction,0.2,adaptive_cycle_turbofan,11946.349527666916,-12.880914732004436,88948.72153967943,6051.2784603205655,-39823.36356221416,-0.7484707132331708,-102980.47687972552,-0.5730802257589652,True,approach_landing,-39823.36356221416,-0.7484707132331708,True,False,True,False,0.0,True,False,False,7230.174613347759,1287.753860168884,5,rejected_low_thrust_margin,rejected_corrected_low_thrust_margin,rejected_corrected_low_thrust_margin
V05-0024_hybrid,one_at_a_time,blown_flap_clmax_increment_fraction,0.2,adaptive_cycle_plus_hybrid_electric,12443.225045810233,-9.257436234873857,93643.22504581024,1356.7749541897647,-41330.10106467904,-0.7553975549654726,-146505.56341178864,-0.7373600561524687,True,approach_landing,-41330.10106467904,-0.7553975549654726,True,False,True,True,287117.0432304107,True,False,False,9263.595349113466,1337.179446527831,8,rejected_low_thrust_margin,rejected_corrected_low_thrust_margin,rejected_corrected_low_thrust_margin
V05-0025_baseline,one_at_a_time,blown_flap_clmax_increment_fraction,0.4,baseline_fixed_cycle_turbofan,13712.666393267995,0.0,90714.9911824971,4285.008817502894,-39897.2915536737,-0.7488197179718766,-104611.55537619304,-0.5807301516292886,True,approach_landing,-39897.2915536737,-0.7488197179718766,True,False,True,False,0.0,True,False,False,7857.667309022469,1291.9393037068376,5,rejected_low_thrust_margin,rejected_corrected_low_thrust_margin,rejected_corrected_low_thrust_margin
V05-0025_adaptive,one_at_a_time,blown_flap_clmax_increment_fraction,0.4,adaptive_cycle_turbofan,11946.349527666916,-12.880914732004436,88948.72153967943,6051.2784603205655,-39823.36356221416,-0.7484707132331708,-102980.47687972552,-0.5730802257589652,True,approach_landing,-39823.36356221416,-0.7484707132331708,True,False,True,False,0.0,True,False,False,7230.174613347759,1287.753860168884,5,rejected_low_thrust_margin,rejected_corrected_low_thrust_margin,rejected_corrected_low_thrust_margin
V05-0025_hybrid,one_at_a_time,blown_flap_clmax_increment_fraction,0.4,adaptive_cycle_plus_hybrid_electric,12443.225045810233,-9.257436234873857,93643.22504581024,1356.7749541897647,-41330.10106467904,-0.7553975549654726,-146505.56341178864,-0.7373600561524687,True,approach_landing,-41330.10106467904,-0.7553975549654726,True,False,True,True,287117.0432304107,True,False,False,9125.842352467465,1326.7736586786184,8,rejected_low_thrust_margin,rejected_corrected_low_thrust_margin,rejected_corrected_low_thrust_margin
V05-0026_baseline,one_at_a_time,approach_descent_angle_deg,-2.5,baseline_fixed_cycle_turbofan,13712.666393267995,0.0,90714.9911824971,4285.008817502894,-39897.2915536737,-0.7488197179718766,-104611.55537619304,-0.5807301516292886,True,approach_landing,-39897.2915536737,-0.7488197179718766,True,False,True,False,0.0,True,False,False,7857.667309022469,1291.9393037068376,5,rejected_low_thrust_margin,rejected_corrected_low_thrust_margin,rejected_corrected_low_thrust_margin
V05-0026_adaptive,one_at_a_time,approach_descent_angle_deg,-2.5,adaptive_cycle_turbofan,11946.349527666916,-12.880914732004436,88948.72153967943,6051.2784603205655,-39823.36356221416,-0.7484707132331708,-102980.47687972552,-0.5730802257589652,True,approach_landing,-39823.36356221416,-0.7484707132331708,True,False,True,False,0.0,True,False,False,7230.174613347759,1287.753860168884,5,rejected_low_thrust_margin,rejected_corrected_low_thrust_margin,rejected_corrected_low_thrust_margin
V05-0026_hybrid,one_at_a_time,approach_descent_angle_deg,-2.5,adaptive_cycle_plus_hybrid_electric,12443.225045810233,-9.257436234873857,93643.22504581024,1356.7749541897647,-41330.10106467904,-0.7553975549654726,-146505.56341178864,-0.7373600561524687,True,approach_landing,-41330.10106467904,-0.7553975549654726,True,False,True,True,287117.0432304107,True,False,False,9405.570797792094,1347.7497482992721,8,rejected_low_thrust_margin,rejected_corrected_low_thrust_margin,rejected_corrected_low_thrust_margin
V05-0027_baseline,one_at_a_time,approach_descent_angle_deg,-3.5,baseline_fixed_cycle_turbofan,13712.666393267995,0.0,90714.9911824971,4285.008817502894,-39897.2915536737,-0.7488197179718766,-104611.55537619304,-0.5807301516292886,True,approach_landing,-39897.2915536737,-0.7488197179718766,True,False,True,False,0.0,True,False,False,7857.667309022469,1291.9393037068376,5,rejected_low_thrust_margin,rejected_corrected_low_thrust_margin,rejected_corrected_low_thrust_margin
V05-0027_adaptive,one_at_a_time,approach_descent_angle_deg,-3.5,adaptive_cycle_turbofan,11946.349527666916,-12.880914732004436,88948.72153967943,6051.2784603205655,-39823.36356221416,-0.7484707132331708,-102980.47687972552,-0.5730802257589652,True,approach_landing,-39823.36356221416,-0.7484707132331708,True,False,True,False,0.0,True,False,False,7230.174613347759,1287.753860168884,5,rejected_low_thrust_margin,rejected_corrected_low_thrust_margin,rejected_corrected_low_thrust_margin
V05-0027_hybrid,one_at_a_time,approach_descent_angle_deg,-3.5,adaptive_cycle_plus_hybrid_electric,12443.225045810233,-9.257436234873857,93643.22504581024,1356.7749541897647,-41330.10106467904,-0.7553975549654726,-146505.56341178864,-0.7373600561524687,True,approach_landing,-41330.10106467904,-0.7553975549654726,True,False,True,True,287117.0432304107,True,False,False,9405.570797792094,1347.7497482992721,8,rejected_low_thrust_margin,rejected_corrected_low_thrust_margin,rejected_corrected_low_thrust_margin
V05-0028_hybrid,selected_grid,selected_grid,battery_capacity_Wh=250000;cruise_ld=15;hybrid_mass_per_MW_kg=150;max_generator_power_W_total=2e+06;sea_level_static_thrust_N_per_engine=115000;total_electric_power_W=0,adaptive_cycle_plus_hybrid_electric,11980.56704711383,-12.631382522399226,91183.00978877417,3816.990211225828,-40596.11857131867,-0.7520715633438537,-108598.74510943069,-0.5860233419120428,True,approach_landing,-40596.11857131867,-0.7520715633438537,True,False,True,False,0.0,True,False,False,7598.134444433919,1327.5029319643627,5,rejected_low_thrust_margin,rejected_corrected_low_thrust_margin,rejected_corrected_low_thrust_margin
V05-0029_hybrid,selected_grid,selected_grid,battery_capacity_Wh=250000;cruise_ld=15;hybrid_mass_per_MW_kg=400;max_generator_power_W_total=2e+06;sea_level_static_thrust_N_per_engine=115000;total_electric_power_W=0,adaptive_cycle_plus_hybrid_electric,11980.56704711383,-12.631382522399226,91183.00978877417,3816.990211225828,-40596.11857131867,-0.7520715633438537,-108598.74510943069,-0.5860233419120428,True,approach_landing,-40596.11857131867,-0.7520715633438537,True,False,True,False,0.0,True,False,False,7598.134444433919,1327.5029319643627,5,rejected_low_thrust_margin,rejected_corrected_low_thrust_margin,rejected_corrected_low_thrust_margin
V05-0030_hybrid,selected_grid,selected_grid,battery_capacity_Wh=250000;cruise_ld=15;hybrid_mass_per_MW_kg=150;max_generator_power_W_total=6e+06;sea_level_static_thrust_N_per_engine=115000;total_electric_power_W=0,adaptive_cycle_plus_hybrid_electric,11980.56704711383,-12.631382522399226,91183.00978877417,3816.990211225828,-40596.11857131867,-0.7520715633438537,-108598.74510943069,-0.5860233419120428,True,approach_landing,-40596.11857131867,-0.7520715633438537,True,False,True,False,0.0,True,False,False,7598.134444433919,1327.5029319643627,5,rejected_low_thrust_margin,rejected_corrected_low_thrust_margin,rejected_corrected_low_thrust_margin
V05-0031_hybrid,selected_grid,selected_grid,battery_capacity_Wh=250000;cruise_ld=15;hybrid_mass_per_MW_kg=400;max_generator_power_W_total=6e+06;sea_level_static_thrust_N_per_engine=115000;total_electric_power_W=0,adaptive_cycle_plus_hybrid_electric,11980.56704711383,-12.631382522399226,91183.00978877417,3816.990211225828,-40596.11857131867,-0.7520715633438537,-108598.74510943069,-0.5860233419120428,True,approach_landing,-40596.11857131867,-0.7520715633438537,True,False,True,False,0.0,True,False,False,7598.134444433919,1327.5029319643627,5,rejected_low_thrust_margin,rejected_corrected_low_thrust_margin,rejected_corrected_low_thrust_margin
V05-0032_hybrid,selected_grid,selected_grid,battery_capacity_Wh=1e+06;cruise_ld=15;hybrid_mass_per_MW_kg=150;max_generator_power_W_total=2e+06;sea_level_static_thrust_N_per_engine=115000;total_electric_power_W=0,adaptive_cycle_plus_hybrid_electric,12028.17418842749,-12.284206123963443,94230.71433325364,769.2856667463639,-41684.266795186035,-0.7569707198513075,-116510.76037826852,-0.6029743596922851,True,approach_landing,-41684.266795186035,-0.7569707198513075,True,False,True,False,0.0,True,False,False,8114.778372863028,1381.7329105236731,5,rejected_low_thrust_margin,rejected_corrected_low_thrust_margin,rejected_corrected_low_thrust_margin
V05-0033_hybrid,selected_grid,selected_grid,battery_capacity_Wh=1e+06;cruise_ld=15;hybrid_mass_per_MW_kg=400;max_generator_power_W_total=2e+06;sea_level_static_thrust_N_per_engine=115000;total_electric_power_W=0,adaptive_cycle_plus_hybrid_electric,12028.17418842749,-12.284206123963443,94230.71433325364,769.2856667463639,-41684.266795186035,-0.7569707198513075,-116510.76037826852,-0.6029743596922851,True,approach_landing,-41684.266795186035,-0.7569707198513075,True,False,True,False,0.0,True,False,False,8114.778372863028,1381.7329105236731,5,rejected_low_thrust_margin,rejected_corrected_low_thrust_margin,rejected_corrected_low_thrust_margin
V05-0034_hybrid,selected_grid,selected_grid,battery_capacity_Wh=1e+06;cruise_ld=15;hybrid_mass_per_MW_kg=150;max_generator_power_W_total=6e+06;sea_level_static_thrust_N_per_engine=115000;total_electric_power_W=0,adaptive_cycle_plus_hybrid_electric,12028.17418842749,-12.284206123963443,94230.71433325364,769.2856667463639,-41684.266795186035,-0.7569707198513075,-116510.76037826852,-0.6029743596922851,True,approach_landing,-41684.266795186035,-0.7569707198513075,True,False,True,False,0.0,True,False,False,8114.778372863028,1381.7329105236731,5,rejected_low_thrust_margin,rejected_corrected_low_thrust_margin,rejected_corrected_low_thrust_margin
V05-0035_hybrid,selected_grid,selected_grid,battery_capacity_Wh=1e+06;cruise_ld=15;hybrid_mass_per_MW_kg=400;max_generator_power_W_total=6e+06;sea_level_static_thrust_N_per_engine=115000;total_electric_power_W=0,adaptive_cycle_plus_hybrid_electric,12028.17418842749,-12.284206123963443,94230.71433325364,769.2856667463639,-41684.266795186035,-0.7569707198513075,-116510.76037826852,-0.6029743596922851,True,approach_landing,-41684.266795186035,-0.7569707198513075,True,False,True,False,0.0,True,False,False,8114.778372863028,1381.7329105236731,5,rejected_low_thrust_margin,rejected_corrected_low_thrust_margin,rejected_corrected_low_thrust_margin
V05-0036_hybrid,selected_grid,selected_grid,battery_capacity_Wh=250000;cruise_ld=15;hybrid_mass_per_MW_kg=150;max_generator_power_W_total=2e+06;sea_level_static_thrust_N_per_engine=115000;total_electric_power_W=4e+06,adaptive_cycle_plus_hybrid_electric,12458.485240074962,-9.146150844949833,92258.48524007497,2741.514759925034,-40826.521503953554,-0.753125317287446,-171957.77221355223,-0.8618715171362382,True,approach_landing,-40826.521503953554,-0.753125317287446,True,False,True,True,149610.959531181,True,False,False,9129.340221745262,1333.7378042401642,9,rejected_low_thrust_margin,rejected_corrected_low_thrust_margin,rejected_corrected_low_thrust_margin
V05-0037_hybrid,selected_grid,selected_grid,battery_capacity_Wh=250000;cruise_ld=15;hybrid_mass_per_MW_kg=400;max_generator_power_W_total=2e+06;sea_level_static_thrust_N_per_engine=115000;total_electric_power_W=4e+06,adaptive_cycle_plus_hybrid_electric,12458.485240074962,-9.146150844949833,93258.48524007497,1741.514759925034,-41355.94072731005,-0.6001017452091258,-174580.5012271699,-0.8636637135320812,True,approach_landing,-41355.94072731005,-0.6001017452091258,True,False,True,True,149610.959531181,True,False,False,9328.409130370364,1350.8163146824866,9,rejected_low_thrust_margin,rejected_corrected_low_thrust_margin,rejected_corrected_low_thrust_margin
V05-0038_hybrid,selected_grid,selected_grid,battery_capacity_Wh=250000;cruise_ld=15;hybrid_mass_per_MW_kg=150;max_generator_power_W_total=6e+06;sea_level_static_thrust_N_per_engine=115000;total_electric_power_W=4e+06,adaptive_cycle_plus_hybrid_electric,12473.37545284092,-9.0375635553672,92273.37545284092,2726.624547159081,-49559.8411558033,-0.3424560261435154,-166131.65489473857,-0.8126354230150202,True,approach_landing,-49559.8411558033,-0.3424560261435154,True,False,True,False,0.0,True,False,False,17235.018075678952,1286.263963051125,8,rejected_low_thrust_margin,rejected_corrected_low_thrust_margin,rejected_corrected_low_thrust_margin
V05-0039_hybrid,selected_grid,selected_grid,battery_capacity_Wh=250000;cruise_ld=15;hybrid_mass_per_MW_kg=400;max_generator_power_W_total=6e+06;sea_level_static_thrust_N_per_engine=115000;total_electric_power_W=4e+06,adaptive_cycle_plus_hybrid_electric,12473.37545284092,-9.0375635553672,93273.37545284092,1726.624547159081,-51128.90515580331,-0.3495087523238074,-168754.81198587024,-0.8150090805958363,True,approach_landing,-51128.90515580331,-0.3495087523238074,True,False,True,False,0.0,True,False,False,17610.773526591478,1302.9338901490644,8,rejected_low_thrust_margin,rejected_corrected_low_thrust_margin,rejected_corrected_low_thrust_margin
V05-0040_hybrid,selected_grid,selected_grid,battery_capacity_Wh=1e+06;cruise_ld=15;hybrid_mass_per_MW_kg=150;max_generator_power_W_total=2e+06;sea_level_static_thrust_N_per_engine=115000;total_electric_power_W=4e+06,adaptive_cycle_plus_hybrid_electric,12458.485240074962,-9.146150844949833,95258.48524007497,-258.485240074966,-41921.84085963268,-0.7580147064283171,-174061.1553583963,-0.8196314271267499,True,approach_landing,-41921.84085963268,-0.7580147064283171,True,False,True,False,0.0,False,False,False,9732.988076829826,1336.257763528925,7,rejected_low_thrust_margin,rejected_corrected_low_thrust_margin,rejected_corrected_low_thrust_margin
V05-0041_hybrid,selected_grid,selected_grid,battery_capacity_Wh=1e+06;cruise_ld=15;hybrid_mass_per_MW_kg=400;max_generator_power_W_total=2e+06;sea_level_static_thrust_N_per_engine=115000;total_electric_power_W=4e+06,adaptive_cycle_plus_hybrid_electric,12458.485240074962,-9.146150844949833,96258.48524007497,-1258.485240074966,-42295.73805985517,-0.7596397021920025,-176780.02181065746,-0.8219114573107632,True,approach_landing,-42295.73805985517,-0.7596397021920025,True,False,True,False,0.0,False,False,False,9938.498114664184,1352.93004340982,7,rejected_low_thrust_margin,rejected_corrected_low_thrust_margin,rejected_corrected_low_thrust_margin
V05-0042_hybrid,selected_grid,selected_grid,battery_capacity_Wh=1e+06;cruise_ld=15;hybrid_mass_per_MW_kg=150;max_generator_power_W_total=6e+06;sea_level_static_thrust_N_per_engine=115000;total_electric_power_W=4e+06,adaptive_cycle_plus_hybrid_electric,12473.37545284092,-9.0375635553672,95273.37545284092,-273.375452840919,-54267.03315580331,-0.3631698572796359,-174097.26360677712,-0.8196620898126435,True,approach_landing,-54267.03315580331,-0.3631698572796359,True,False,True,False,0.0,False,False,False,18374.44052450208,1336.2761522863223,8,rejected_low_thrust_margin,rejected_corrected_low_thrust_margin,rejected_corrected_low_thrust_margin
V05-0043_hybrid,selected_grid,selected_grid,battery_capacity_Wh=1e+06;cruise_ld=15;hybrid_mass_per_MW_kg=400;max_generator_power_W_total=6e+06;sea_level_static_thrust_N_per_engine=115000;total_electric_power_W=4e+06,adaptive_cycle_plus_hybrid_electric,12473.37545284092,-9.0375635553672,96273.37545284092,-1273.375452840919,-55836.09715580329,-0.36978747091781006,-176816.55813655237,-0.8219417040760664,True,approach_landing,-55836.09715580329,-0.36978747091781006,True,False,True,False,0.0,False,False,False,18762.352071500147,1352.9484329886266,8,rejected_low_thrust_margin,rejected_corrected_low_thrust_margin,rejected_corrected_low_thrust_margin
V05-0044_hybrid,selected_grid,selected_grid,battery_capacity_Wh=250000;cruise_ld=15;hybrid_mass_per_MW_kg=150;max_generator_power_W_total=2e+06;sea_level_static_thrust_N_per_engine=115000;total_electric_power_W=8e+06,adaptive_cycle_plus_hybrid_electric,12458.485240074962,-9.146150844949833,92858.48524007497,2141.514759925034,-47502.78714763286,-0.7157536750923023,-178269.8664258883,-0.9043053766362196,True,approach_landing,-47502.78714763286,-0.7157536750923023,True,False,True,True,1446094.3793569778,True,False,False,8147.59050976142,1384.6241710977424,11,rejected_low_thrust_margin,rejected_corrected_low_thrust_margin,rejected_corrected_low_thrust_margin
V05-0045_hybrid,selected_grid,selected_grid,battery_capacity_Wh=250000;cruise_ld=15;hybrid_mass_per_MW_kg=400;max_generator_power_W_total=2e+06;sea_level_static_thrust_N_per_engine=115000;total_electric_power_W=8e+06,adaptive_cycle_plus_hybrid_electric,12458.485240074962,-9.146150844949833,94858.48524007497,141.514759925034,-49400.08368561877,-0.7236537867027631,-183585.82524146215,-0.9068181319171055,True,approach_landing,-49400.08368561877,-0.7236537867027631,True,False,True,True,1446094.3793569778,True,False,False,8502.495684922527,1419.4640199906162,11,rejected_low_thrust_margin,rejected_corrected_low_thrust_margin,rejected_corrected_low_thrust_margin
V05-0046_hybrid,selected_grid,selected_grid,battery_capacity_Wh=250000;cruise_ld=15;hybrid_mass_per_MW_kg=150;max_generator_power_W_total=6e+06;sea_level_static_thrust_N_per_engine=115000;total_electric_power_W=8e+06,adaptive_cycle_plus_hybrid_electric,12520.15471500623,-8.696424488582382,92920.15471500623,2079.845284993775,-74232.88477620891,-0.5093735527939348,-153553.9884493109,-0.7168716201145429,True,approach_landing,-74232.88477620891,-0.5093735527939348,True,False,True,True,222248.2108285679,True,False,False,21844.577873159913,1215.94112069676,11,rejected_low_thrust_margin,rejected_corrected_low_thrust_margin,rejected_corrected_low_thrust_margin
V05-0047_hybrid,selected_grid,selected_grid,battery_capacity_Wh=250000;cruise_ld=15;hybrid_mass_per_MW_kg=400;max_generator_power_W_total=6e+06;sea_level_static_thrust_N_per_engine=115000;total_electric_power_W=8e+06,adaptive_cycle_plus_hybrid_electric,12520.15471500623,-8.696424488582382,94920.15471500623,79.84528499377484,-77371.01277620891,-0.5197156623095377,-158871.66958569144,-0.7237302275884654,True,approach_landing,-77371.01277620891,-0.5197156623095377,True,False,True,True,222248.2108285679,True,False,False,22795.478789150005,1247.9601880586797,11,rejected_low_thrust_margin,rejected_corrected_low_thrust_margin,rejected_corrected_low_thrust_margin
V05-0048_hybrid,selected_grid,selected_grid,battery_capacity_Wh=1e+06;cruise_ld=15;hybrid_mass_per_MW_kg=150;max_generator_power_W_total=2e+06;sea_level_static_thrust_N_per_engine=115000;total_electric_power_W=8e+06,adaptive_cycle_plus_hybrid_electric,12458.485240074962,-9.146150844949833,95858.48524007497,-858.485240074966,-42145.651734866406,-0.7589900406477224,-176394.01641216702,-0.8265700219198204,True,approach_landing,-42145.651734866406,-0.7589900406477224,True,False,True,True,950085.5040583595,False,False,False,8682.785464884344,1352.0120521006024,11,rejected_low_thrust_margin,rejected_corrected_low_thrust_margin,rejected_corrected_low_thrust_margin
V05-0049_hybrid,selected_grid,selected_grid,battery_capacity_Wh=1e+06;cruise_ld=15;hybrid_mass_per_MW_kg=400;max_generator_power_W_total=2e+06;sea_level_static_thrust_N_per_engine=115000;total_electric_power_W=8e+06,adaptive_cycle_plus_hybrid_electric,12458.485240074962,-9.146150844949833,97858.48524007497,-2858.485240074966,-42903.11595847373,-0.7622334088868399,-181902.25010502798,-0.83093382246552,True,approach_landing,-42903.11595847373,-0.7622334088868399,True,False,True,True,950085.5040583595,False,False,False,9049.03940957051,1385.4546945339152,11,rejected_low_thrust_margin,rejected_corrected_low_thrust_margin,rejected_corrected_low_thrust_margin
V05-0050_hybrid,selected_grid,selected_grid,battery_capacity_Wh=1e+06;cruise_ld=15;hybrid_mass_per_MW_kg=150;max_generator_power_W_total=6e+06;sea_level_static_thrust_N_per_engine=115000;total_electric_power_W=8e+06,adaptive_cycle_plus_hybrid_electric,12520.15471500623,-8.696424488582382,95920.15471500623,-920.1547150062252,-78940.07677620892,-0.5247249183055326,-145616.71237149564,-0.6552678629551626,True,approach_landing,-78940.07677620892,-0.5247249183055326,True,False,True,False,0.0,False,False,False,23278.525970936247,1241.644015823427,9,rejected_low_thrust_margin,rejected_corrected_low_thrust_margin,rejected_corrected_low_thrust_margin
V05-0051_hybrid,selected_grid,selected_grid,battery_capacity_Wh=1e+06;cruise_ld=15;hybrid_mass_per_MW_kg=400;max_generator_power_W_total=6e+06;sea_level_static_thrust_N_per_engine=115000;total_electric_power_W=8e+06,adaptive_cycle_plus_hybrid_electric,12520.15471500623,-8.696424488582382,97920.15471500623,-2920.154715006225,-82078.20477620892,-0.5344363631982836,-151126.66838516324,-0.6636085294205871,True,approach_landing,-82078.20477620892,-0.5344363631982836,True,False,True,False,0.0,False,False,False,24259.81378209109,1273.593801695898,9,rejected_low_thrust_margin,rejected_corrected_low_thrust_margin,rejected_corrected_low_thrust_margin
V05-0052_hybrid,selected_grid,selected_grid,battery_capacity_Wh=250000;cruise_ld=18;hybrid_mass_per_MW_kg=150;max_generator_power_W_total=2e+06;sea_level_static_thrust_N_per_engine=115000;total_electric_power_W=0,adaptive_cycle_plus_hybrid_electric,11037.467195515495,-19.508964347487108,90247.92401722225,4752.075982777751,-40574.13004634717,-0.7519705278329978,-108438.87295227003,-0.5856658932898551,True,approach_landing,-40574.13004634717,-0.7519705278329978,True,False,True,False,0.0,True,False,False,7443.02609390207,1326.3866273465,4,rejected_low_thrust_margin,rejected_corrected_low_thrust_margin,rejected_corrected_low_thrust_margin
V05-0053_hybrid,selected_grid,selected_grid,battery_capacity_Wh=250000;cruise_ld=18;hybrid_mass_per_MW_kg=400;max_generator_power_W_total=2e+06;sea_level_static_thrust_N_per_engine=115000;total_electric_power_W=0,adaptive_cycle_plus_hybrid_electric,11037.467195515495,-19.508964347487108,90247.92401722225,4752.075982777751,-40574.13004634717,-0.7519705278329978,-108438.87295227003,-0.5856658932898551,True,approach_landing,-40574.13004634717,-0.7519705278329978,True,False,True,False,0.0,True,False,False,7443.02609390207,1326.3866273465,4,rejected_low_thrust_margin,rejected_corrected_low_thrust_margin,rejected_corrected_low_thrust_margin
V05-0054_hybrid,selected_grid,selected_grid,battery_capacity_Wh=250000;cruise_ld=18;hybrid_mass_per_MW_kg=150;max_generator_power_W_total=6e+06;sea_level_static_thrust_N_per_engine=115000;total_electric_power_W=0,adaptive_cycle_plus_hybrid_electric,11037.467195515495,-19.508964347487108,90247.92401722225,4752.075982777751,-40574.13004634717,-0.7519705278329978,-108438.87295227003,-0.5856658932898551,True,approach_landing,-40574.13004634717,-0.7519705278329978,True,False,True,False,0.0,True,False,False,7443.02609390207,1326.3866273465,4,rejected_low_thrust_margin,rejected_corrected_low_thrust_margin,rejected_corrected_low_thrust_margin
V05-0055_hybrid,selected_grid,selected_grid,battery_capacity_Wh=250000;cruise_ld=18;hybrid_mass_per_MW_kg=400;max_generator_power_W_total=6e+06;sea_level_static_thrust_N_per_engine=115000;total_electric_power_W=0,adaptive_cycle_plus_hybrid_electric,11037.467195515495,-19.508964347487108,90247.92401722225,4752.075982777751,-40574.13004634717,-0.7519705278329978,-108438.87295227003,-0.5856658932898551,True,approach_landing,-40574.13004634717,-0.7519705278329978,True,False,True,False,0.0,True,False,False,7443.02609390207,1326.3866273465,4,rejected_low_thrust_margin,rejected_corrected_low_thrust_margin,rejected_corrected_low_thrust_margin
V05-0056_hybrid,selected_grid,selected_grid,battery_capacity_Wh=1e+06;cruise_ld=18;hybrid_mass_per_MW_kg=150;max_generator_power_W_total=2e+06;sea_level_static_thrust_N_per_engine=115000;total_electric_power_W=0,adaptive_cycle_plus_hybrid_electric,11381.07176441636,-17.00321849874721,93588.79882839495,1411.2011716050474,-41668.50246948452,-0.7569011268992987,-116396.13118320919,-0.6027386896813797,True,approach_landing,-41668.50246948452,-0.7569011268992987,True,False,True,False,0.0,True,False,False,8004.548929422525,1380.9609331582637,4,rejected_low_thrust_margin,rejected_corrected_low_thrust_margin,rejected_corrected_low_thrust_margin
V05-0057_hybrid,selected_grid,selected_grid,battery_capacity_Wh=1e+06;cruise_ld=18;hybrid_mass_per_MW_kg=400;max_generator_power_W_total=2e+06;sea_level_static_thrust_N_per_engine=115000;total_electric_power_W=0,adaptive_cycle_plus_hybrid_electric,11381.07176441636,-17.00321849874721,93588.79882839495,1411.2011716050474,-41668.50246948452,-0.7569011268992987,-116396.13118320919,-0.6027386896813797,True,approach_landing,-41668.50246948452,-0.7569011268992987,True,False,True,False,0.0,True,False,False,8004.548929422525,1380.9609331582637,4,rejected_low_thrust_margin,rejected_corrected_low_thrust_margin,rejected_corrected_low_thrust_margin
V05-0058_hybrid,selected_grid,selected_grid,battery_capacity_Wh=1e+06;cruise_ld=18;hybrid_mass_per_MW_kg=150;max_generator_power_W_total=6e+06;sea_level_static_thrust_N_per_engine=115000;total_electric_power_W=0,adaptive_cycle_plus_hybrid_electric,11381.07176441636,-17.00321849874721,93588.79882839495,1411.2011716050474,-41668.50246948452,-0.7569011268992987,-116396.13118320919,-0.6027386896813797,True,approach_landing,-41668.50246948452,-0.7569011268992987,True,False,True,False,0.0,True,False,False,8004.548929422525,1380.9609331582637,4,rejected_low_thrust_margin,rejected_corrected_low_thrust_margin,rejected_corrected_low_thrust_margin
V05-0059_hybrid,selected_grid,selected_grid,battery_capacity_Wh=1e+06;cruise_ld=18;hybrid_mass_per_MW_kg=400;max_generator_power_W_total=6e+06;sea_level_static_thrust_N_per_engine=115000;total_electric_power_W=0,adaptive_cycle_plus_hybrid_electric,11381.07176441636,-17.00321849874721,93588.79882839495,1411.2011716050474,-41668.50246948452,-0.7569011268992987,-116396.13118320919,-0.6027386896813797,True,approach_landing,-41668.50246948452,-0.7569011268992987,True,False,True,False,0.0,True,False,False,8004.548929422525,1380.9609331582637,4,rejected_low_thrust_margin,rejected_corrected_low_thrust_margin,rejected_corrected_low_thrust_margin
V05-0060_hybrid,selected_grid,selected_grid,battery_capacity_Wh=250000;cruise_ld=18;hybrid_mass_per_MW_kg=150;max_generator_power_W_total=2e+06;sea_level_static_thrust_N_per_engine=115000;total_electric_power_W=4e+06,adaptive_cycle_plus_hybrid_electric,11592.421569321908,-15.461944184589695,91398.6211938036,3601.3788061964005,-40805.751872479144,-0.7530306943033933,-171806.75896304674,-0.8617668891525861,True,approach_landing,-40805.751872479144,-0.7530306943033933,True,False,True,True,149610.959531181,True,False,False,8959.88483257311,1332.7480632703357,8,rejected_low_thrust_margin,rejected_corrected_low_thrust_margin,rejected_corrected_low_thrust_margin
V05-0061_hybrid,selected_grid,selected_grid,battery_capacity_Wh=250000;cruise_ld=18;hybrid_mass_per_MW_kg=400;max_generator_power_W_total=2e+06;sea_level_static_thrust_N_per_engine=115000;total_electric_power_W=4e+06,adaptive_cycle_plus_hybrid_electric,11689.558926163787,-14.753567315671143,92495.06320322945,2504.9367967705475,-41307.697166693804,-0.5998216020768237,-174444.77134346394,-0.8635721067586071,True,approach_landing,-41307.697166693804,-0.5998216020768237,True,False,True,True,149610.959531181,True,False,False,9176.24165120624,1349.9375591494788,8,rejected_low_thrust_margin,rejected_corrected_low_thrust_margin,rejected_corrected_low_thrust_margin
V05-0062_hybrid,selected_grid,selected_grid,battery_capacity_Wh=250000;cruise_ld=18;hybrid_mass_per_MW_kg=150;max_generator_power_W_total=6e+06;sea_level_static_thrust_N_per_engine=115000;total_electric_power_W=4e+06,adaptive_cycle_plus_hybrid_electric,11608.609371835095,-15.343894185786155,91414.79970765888,3585.20029234112,-48212.680862765,-0.33627755984670343,-165980.84304973736,-0.8124971024371392,True,approach_landing,-48212.680862765,-0.33627755984670343,True,False,True,False,0.0,True,False,False,16915.636530000153,1285.2993596549752,7,rejected_low_thrust_margin,rejected_corrected_low_thrust_margin,rejected_corrected_low_thrust_margin
V05-0063_hybrid,selected_grid,selected_grid,battery_capacity_Wh=250000;cruise_ld=18;hybrid_mass_per_MW_kg=400;max_generator_power_W_total=6e+06;sea_level_static_thrust_N_per_engine=115000;total_electric_power_W=4e+06,adaptive_cycle_plus_hybrid_electric,11705.746728676968,-14.635517316867642,92511.24171708473,2488.758282915267,-49933.06854784276,-0.34414745845651834,-168619.28909077327,-0.8148879221458887,True,approach_landing,-49933.06854784276,-0.34414745845651834,True,False,True,False,0.0,True,False,False,17324.030332910934,1302.0775960052517,7,rejected_low_thrust_margin,rejected_corrected_low_thrust_margin,rejected_corrected_low_thrust_margin
V05-0064_hybrid,selected_grid,selected_grid,battery_capacity_Wh=1e+06;cruise_ld=18;hybrid_mass_per_MW_kg=150;max_generator_power_W_total=2e+06;sea_level_static_thrust_N_per_engine=115000;total_electric_power_W=4e+06,adaptive_cycle_plus_hybrid_electric,11883.833639847535,-13.336813577834103,94687.94722208119,312.05277791881235,-41907.551072418064,-0.7579521655105672,-173957.24605918876,-0.8195431304058256,True,approach_landing,-41907.551072418064,-0.7579521655105672,True,False,True,False,0.0,True,False,False,9616.698717906442,1335.6166759269313,6,rejected_low_thrust_margin,rejected_corrected_low_thrust_margin,rejected_corrected_low_thrust_margin
V05-0065_hybrid,selected_grid,selected_grid,battery_capacity_Wh=1e+06;cruise_ld=18;hybrid_mass_per_MW_kg=400;max_generator_power_W_total=2e+06;sea_level_static_thrust_N_per_engine=115000;total_electric_power_W=4e+06,adaptive_cycle_plus_hybrid_electric,11980.97099668941,-12.628436708915578,95784.38923150704,-784.3892315070407,-42283.722872083075,-0.7595878224184806,-176692.6497291487,-0.8218390842450097,True,approach_landing,-42283.722872083075,-0.7595878224184806,True,False,True,False,0.0,False,False,False,9840.79896597351,1352.3972994158503,6,rejected_low_thrust_margin,rejected_corrected_low_thrust_margin,rejected_corrected_low_thrust_margin
V05-0066_hybrid,selected_grid,selected_grid,battery_capacity_Wh=1e+06;cruise_ld=18;hybrid_mass_per_MW_kg=150;max_generator_power_W_total=6e+06;sea_level_static_thrust_N_per_engine=115000;total_electric_power_W=4e+06,adaptive_cycle_plus_hybrid_electric,11900.021442360721,-13.218763579030563,94704.12573593645,295.87426406354643,-53373.84391799831,-0.35934033517883057,-173993.57246238764,-0.8195740085215235,True,approach_landing,-53373.84391799831,-0.35934033517883057,True,False,True,False,0.0,True,False,False,18155.43181607799,1335.636512256285,7,rejected_low_thrust_margin,rejected_corrected_low_thrust_margin,rejected_corrected_low_thrust_margin
V05-0067_hybrid,selected_grid,selected_grid,battery_capacity_Wh=1e+06;cruise_ld=18;hybrid_mass_per_MW_kg=400;max_generator_power_W_total=6e+06;sea_level_static_thrust_N_per_engine=115000;total_electric_power_W=4e+06,adaptive_cycle_plus_hybrid_electric,11997.158799202596,-12.510386710112037,95800.56774536232,-800.5677453623211,-55094.2316030761,-0.36667583768422674,-176729.4097929663,-0.8218695409384104,True,approach_landing,-55094.2316030761,-0.36667583768422674,True,False,True,False,0.0,False,False,False,18578.439496334275,1352.4171366381051,7,rejected_low_thrust_margin,rejected_corrected_low_thrust_margin,rejected_corrected_low_thrust_margin
V05-0068_hybrid,selected_grid,selected_grid,battery_capacity_Wh=250000;cruise_ld=18;hybrid_mass_per_MW_kg=150;max_generator_power_W_total=2e+06;sea_level_static_thrust_N_per_engine=115000;total_electric_power_W=8e+06,adaptive_cycle_plus_hybrid_electric,11650.703983427036,-15.036918063238558,92056.48639945911,2943.513600540886,-47452.48808919013,-0.715538085158398,-178127.97304142657,-0.9042364480187454,True,approach_landing,-47452.48808919013,-0.715538085158398,True,False,True,True,1446094.3793569778,True,False,False,8007.398986328523,1383.6825799990029,10,rejected_low_thrust_margin,rejected_corrected_low_thrust_margin,rejected_corrected_low_thrust_margin
V05-0069_hybrid,selected_grid,selected_grid,battery_capacity_Wh=250000;cruise_ld=18;hybrid_mass_per_MW_kg=400;max_generator_power_W_total=2e+06;sea_level_static_thrust_N_per_engine=115000;total_electric_power_W=8e+06,adaptive_cycle_plus_hybrid_electric,11844.978697110784,-13.620164325401518,94249.37041831083,750.6295816891652,-49360.42991257241,-0.7234931689534676,-183475.41808125903,-0.9067672871092733,True,approach_landing,-49360.42991257241,-0.7234931689534676,True,False,True,True,1446094.3793569778,True,False,False,8393.605452237254,1418.7488676324551,10,rejected_low_thrust_margin,rejected_corrected_low_thrust_margin,rejected_corrected_low_thrust_margin
V05-0070_hybrid,selected_grid,selected_grid,battery_capacity_Wh=250000;cruise_ld=18;hybrid_mass_per_MW_kg=150;max_generator_power_W_total=6e+06;sea_level_static_thrust_N_per_engine=115000;total_electric_power_W=8e+06,adaptive_cycle_plus_hybrid_electric,11714.983810160094,-14.568155643957251,92120.74754026701,2879.2524597329902,-72978.56375698392,-0.5051140997529222,-153412.5070456171,-0.7166844872779053,True,approach_landing,-72978.56375698392,-0.5051140997529222,True,False,True,True,222248.2108285679,True,False,False,21470.166182890596,1215.0786494735576,10,rejected_low_thrust_margin,rejected_corrected_low_thrust_margin,rejected_corrected_low_thrust_margin
V05-0071_hybrid,selected_grid,selected_grid,battery_capacity_Wh=250000;cruise_ld=18;hybrid_mass_per_MW_kg=400;max_generator_power_W_total=6e+06;sea_level_static_thrust_N_per_engine=115000;total_electric_power_W=8e+06,adaptive_cycle_plus_hybrid_electric,11909.258523843842,-13.151401906120212,94313.63155911873,686.3684408812696,-76419.33912713946,-0.5166256574532826,-158761.69686923758,-0.7235917542381967,True,approach_landing,-76419.33912713946,-0.5166256574532826,True,False,True,True,222248.2108285679,True,False,False,22504.966887424387,1247.3056714775146,10,rejected_low_thrust_margin,rejected_corrected_low_thrust_margin,rejected_corrected_low_thrust_margin
V05-0072_hybrid,selected_grid,selected_grid,battery_capacity_Wh=1e+06;cruise_ld=18;hybrid_mass_per_MW_kg=150;max_generator_power_W_total=2e+06;sea_level_static_thrust_N_per_engine=115000;total_electric_power_W=8e+06,adaptive_cycle_plus_hybrid_electric,11942.116053952665,-12.911787456482953,95345.8124277367,-345.8124277367024,-42132.71982823596,-0.758933899406999,-176299.97928954277,-0.8264935660705134,True,approach_landing,-42132.71982823596,-0.758933899406999,True,False,True,True,950085.5040583595,False,False,False,8590.119515541563,1351.4343010159175,10,rejected_low_thrust_margin,rejected_corrected_low_thrust_margin,rejected_corrected_low_thrust_margin
V05-0073_hybrid,selected_grid,selected_grid,battery_capacity_Wh=1e+06;cruise_ld=18;hybrid_mass_per_MW_kg=400;max_generator_power_W_total=2e+06;sea_level_static_thrust_N_per_engine=115000;total_electric_power_W=8e+06,adaptive_cycle_plus_hybrid_electric,12136.390767636412,-11.495033718645914,97538.69644658841,-2538.6964465884084,-42894.859367219906,-0.7621985258350583,-181842.20690846068,-0.8308874384825562,True,approach_landing,-42894.859367219906,-0.7621985258350583,True,False,True,True,950085.5040583595,False,False,False,8989.969302850059,1385.0942828100935,10,rejected_low_thrust_margin,rejected_corrected_low_thrust_margin,rejected_corrected_low_thrust_margin
V05-0074_hybrid,selected_grid,selected_grid,battery_capacity_Wh=1e+06;cruise_ld=18;hybrid_mass_per_MW_kg=150;max_generator_power_W_total=6e+06;sea_level_static_thrust_N_per_engine=115000;total_electric_power_W=8e+06,adaptive_cycle_plus_hybrid_electric,12006.395880685717,-12.443025037201684,95410.07356854458,-410.0735685445834,-78139.72681221722,-0.5221829171336331,-145523.12092411137,-0.6551226155016241,True,approach_landing,-78139.72681221722,-0.5221829171336331,True,False,True,False,0.0,False,False,False,23031.49990769018,1241.0949085609557,8,rejected_low_thrust_margin,rejected_corrected_low_thrust_margin,rejected_corrected_low_thrust_margin
V05-0075_hybrid,selected_grid,selected_grid,battery_capacity_Wh=1e+06;cruise_ld=18;hybrid_mass_per_MW_kg=400;max_generator_power_W_total=6e+06;sea_level_static_thrust_N_per_engine=115000;total_electric_power_W=8e+06,adaptive_cycle_plus_hybrid_electric,12200.67059436947,-11.026271299364604,97602.95758739632,-2602.9575873963186,-81580.5021823728,-0.5329227085172178,-151067.09332681732,-0.6635205068740977,True,approach_landing,-81580.5021823728,-0.5329227085172178,True,False,True,False,0.0,False,False,False,24102.831284219574,1273.252231618755,8,rejected_low_thrust_margin,rejected_corrected_low_thrust_margin,rejected_corrected_low_thrust_margin
V05-0076_hybrid,selected_grid,selected_grid,battery_capacity_Wh=250000;cruise_ld=15;hybrid_mass_per_MW_kg=150;max_generator_power_W_total=2e+06;sea_level_static_thrust_N_per_engine=130000;total_electric_power_W=0,adaptive_cycle_plus_hybrid_electric,13108.642403461336,-4.404861698547518,92311.97131046445,2688.028689535553,-38919.18539972878,-0.7200891542641799,-99016.21289793676,-0.5330944090429672,True,approach_landing,-38919.18539972878,-0.7200891542641799,True,False,True,False,0.0,True,False,False,6888.1777751559575,1313.7931297912228,4,rejected_low_thrust_margin,rejected_corrected_low_thrust_margin,rejected_corrected_low_thrust_margin
V05-0077_hybrid,selected_grid,selected_grid,battery_capacity_Wh=250000;cruise_ld=15;hybrid_mass_per_MW_kg=400;max_generator_power_W_total=2e+06;sea_level_static_thrust_N_per_engine=130000;total_electric_power_W=0,adaptive_cycle_plus_hybrid_electric,13108.642403461336,-4.404861698547518,92311.97131046445,2688.028689535553,-38919.18539972878,-0.7200891542641799,-99016.21289793676,-0.5330944090429672,True,approach_landing,-38919.18539972878,-0.7200891542641799,True,False,True,False,0.0,True,False,False,6888.1777751559575,1313.7931297912228,4,rejected_low_thrust_margin,rejected_corrected_low_thrust_margin,rejected_corrected_low_thrust_margin
V05-0078_hybrid,selected_grid,selected_grid,battery_capacity_Wh=250000;cruise_ld=15;hybrid_mass_per_MW_kg=150;max_generator_power_W_total=6e+06;sea_level_static_thrust_N_per_engine=130000;total_electric_power_W=0,adaptive_cycle_plus_hybrid_electric,13108.642403461336,-4.404861698547518,92311.97131046445,2688.028689535553,-38919.18539972878,-0.7200891542641799,-99016.21289793676,-0.5330944090429672,True,approach_landing,-38919.18539972878,-0.7200891542641799,True,False,True,False,0.0,True,False,False,6888.1777751559575,1313.7931297912228,4,rejected_low_thrust_margin,rejected_corrected_low_thrust_margin,rejected_corrected_low_thrust_margin
V05-0079_hybrid,selected_grid,selected_grid,battery_capacity_Wh=250000;cruise_ld=15;hybrid_mass_per_MW_kg=400;max_generator_power_W_total=6e+06;sea_level_static_thrust_N_per_engine=130000;total_electric_power_W=0,adaptive_cycle_plus_hybrid_electric,13108.642403461336,-4.404861698547518,92311.97131046445,2688.028689535553,-38919.18539972878,-0.7200891542641799,-99016.21289793676,-0.5330944090429672,True,approach_landing,-38919.18539972878,-0.7200891542641799,True,False,True,False,0.0,True,False,False,6888.1777751559575,1313.7931297912228,4,rejected_low_thrust_margin,rejected_corrected_low_thrust_margin,rejected_corrected_low_thrust_margin
V05-0080_hybrid,selected_grid,selected_grid,battery_capacity_Wh=1e+06;cruise_ld=15;hybrid_mass_per_MW_kg=150;max_generator_power_W_total=2e+06;sea_level_static_thrust_N_per_engine=130000;total_electric_power_W=0,adaptive_cycle_plus_hybrid_electric,13415.179962583134,-2.1694280466919786,95615.17996258313,-615.1799625831336,-40015.70454643761,-0.7256550581813707,-106986.3324935339,-0.5523051770167285,True,approach_landing,-40015.70454643761,-0.7256550581813707,True,False,True,False,0.0,False,False,False,7390.213447092083,1368.203791493593,5,rejected_low_thrust_margin,rejected_corrected_low_thrust_margin,rejected_corrected_low_thrust_margin
V05-0081_hybrid,selected_grid,selected_grid,battery_capacity_Wh=1e+06;cruise_ld=15;hybrid_mass_per_MW_kg=400;max_generator_power_W_total=2e+06;sea_level_static_thrust_N_per_engine=130000;total_electric_power_W=0,adaptive_cycle_plus_hybrid_electric,13415.179962583134,-2.1694280466919786,95615.17996258313,-615.1799625831336,-40015.70454643761,-0.7256550581813707,-106986.3324935339,-0.5523051770167285,True,approach_landing,-40015.70454643761,-0.7256550581813707,True,False,True,False,0.0,False,False,False,7390.213447092083,1368.203791493593,5,rejected_low_thrust_margin,rejected_corrected_low_thrust_margin,rejected_corrected_low_thrust_margin
V05-0082_hybrid,selected_grid,selected_grid,battery_capacity_Wh=1e+06;cruise_ld=15;hybrid_mass_per_MW_kg=150;max_generator_power_W_total=6e+06;sea_level_static_thrust_N_per_engine=130000;total_electric_power_W=0,adaptive_cycle_plus_hybrid_electric,13415.179962583134,-2.1694280466919786,95615.17996258313,-615.1799625831336,-40015.70454643761,-0.7256550581813707,-106986.3324935339,-0.5523051770167285,True,approach_landing,-40015.70454643761,-0.7256550581813707,True,False,True,False,0.0,False,False,False,7390.213447092083,1368.203791493593,5,rejected_low_thrust_margin,rejected_corrected_low_thrust_margin,rejected_corrected_low_thrust_margin
V05-0083_hybrid,selected_grid,selected_grid,battery_capacity_Wh=1e+06;cruise_ld=15;hybrid_mass_per_MW_kg=400;max_generator_power_W_total=6e+06;sea_level_static_thrust_N_per_engine=130000;total_electric_power_W=0,adaptive_cycle_plus_hybrid_electric,13415.179962583134,-2.1694280466919786,95615.17996258313,-615.1799625831336,-40015.70454643761,-0.7256550581813707,-106986.3324935339,-0.5523051770167285,True,approach_landing,-40015.70454643761,-0.7256550581813707,True,False,True,False,0.0,False,False,False,7390.213447092083,1368.203791493593,5,rejected_low_thrust_margin,rejected_corrected_low_thrust_margin,rejected_corrected_low_thrust_margin
V05-0084_hybrid,selected_grid,selected_grid,battery_capacity_Wh=250000;cruise_ld=15;hybrid_mass_per_MW_kg=150;max_generator_power_W_total=2e+06;sea_level_static_thrust_N_per_engine=130000;total_electric_power_W=4e+06,adaptive_cycle_plus_hybrid_electric,13725.172519587217,0.09120127304607675,93529.94702048389,1470.0529795161128,-39155.22271348979,-0.7213062658490487,-170130.57508110476,-0.8507338035637,True,approach_landing,-39155.22271348979,-0.7213062658490487,True,False,True,True,149610.959531181,True,False,False,8047.541113712805,1331.7010574188664,6,rejected_low_thrust_margin,rejected_corrected_low_thrust_margin,rejected_corrected_low_thrust_margin
V05-0085_hybrid,selected_grid,selected_grid,battery_capacity_Wh=250000;cruise_ld=15;hybrid_mass_per_MW_kg=400;max_generator_power_W_total=2e+06;sea_level_static_thrust_N_per_engine=130000;total_electric_power_W=4e+06,adaptive_cycle_plus_hybrid_electric,13869.86116425839,1.1463472273165376,94692.80310529952,307.1968947004789,-39527.35436352727,-0.7232037875788443,-172835.40401418894,-0.8527257512975996,True,approach_landing,-39527.35436352727,-0.7232037875788443,True,False,True,True,149610.959531181,True,False,False,8248.994855260806,1349.2696641230177,6,rejected_low_thrust_margin,rejected_corrected_low_thrust_margin,rejected_corrected_low_thrust_margin
V05-0086_hybrid,selected_grid,selected_grid,battery_capacity_Wh=250000;cruise_ld=15;hybrid_mass_per_MW_kg=150;max_generator_power_W_total=6e+06;sea_level_static_thrust_N_per_engine=130000;total_electric_power_W=4e+06,adaptive_cycle_plus_hybrid_electric,13741.95608111876,0.21359586101463598,93546.70503107618,1453.2949689238158,-39160.06561922059,-0.7213311271861668,-166596.2921431999,-0.8130602958182692,True,approach_landing,-39160.06561922059,-0.7213311271861668,True,False,True,False,0.0,True,False,False,13490.965022551609,1287.90954607426,6,rejected_low_thrust_margin,rejected_corrected_low_thrust_margin,rejected_corrected_low_thrust_margin
V05-0087_hybrid,selected_grid,selected_grid,battery_capacity_Wh=250000;cruise_ld=15;hybrid_mass_per_MW_kg=400;max_generator_power_W_total=6e+06;sea_level_static_thrust_N_per_engine=130000;total_electric_power_W=4e+06,adaptive_cycle_plus_hybrid_electric,13886.621641904621,1.2685734754112221,94709.35679942141,290.64320057859004,-39532.19160679098,-0.7232282828686183,-169301.08126993527,-0.8154958454499684,True,approach_landing,-39532.19160679098,-0.7232282828686183,True,False,True,False,0.0,True,False,False,13828.563157726767,1305.0580321783207,6,rejected_low_thrust_margin,rejected_corrected_low_thrust_margin,rejected_corrected_low_thrust_margin
V05-0088_hybrid,selected_grid,selected_grid,battery_capacity_Wh=1e+06;cruise_ld=15;hybrid_mass_per_MW_kg=150;max_generator_power_W_total=2e+06;sea_level_static_thrust_N_per_engine=130000;total_electric_power_W=4e+06,adaptive_cycle_plus_hybrid_electric,14020.60995027116,2.2456869304014084,96821.74352844516,-1821.743528445164,-40260.069826003055,-0.7268654220270548,-172300.48007208025,-0.8093178347945309,True,approach_landing,-40260.069826003055,-0.7268654220270548,True,False,True,False,0.0,False,False,False,8624.266876695965,1334.6516885548635,5,rejected_low_thrust_margin,rejected_corrected_low_thrust_margin,rejected_corrected_low_thrust_margin
V05-0089_hybrid,selected_grid,selected_grid,battery_capacity_Wh=1e+06;cruise_ld=15;hybrid_mass_per_MW_kg=400;max_generator_power_W_total=2e+06;sea_level_static_thrust_N_per_engine=130000;total_electric_power_W=4e+06,adaptive_cycle_plus_hybrid_electric,14041.599125060002,2.398751069693426,97842.31624404856,-2842.316244048561,-40635.38624573484,-0.7287037409413596,-175028.7526433994,-0.8117305180378486,True,approach_landing,-40635.38624573484,-0.7287037409413596,True,False,True,False,0.0,False,False,False,8807.124902190715,1351.3391904231537,5,rejected_low_thrust_margin,rejected_corrected_low_thrust_margin,rejected_corrected_low_thrust_margin
V05-0090_hybrid,selected_grid,selected_grid,battery_capacity_Wh=1e+06;cruise_ld=15;hybrid_mass_per_MW_kg=150;max_generator_power_W_total=6e+06;sea_level_static_thrust_N_per_engine=130000;total_electric_power_W=4e+06,adaptive_cycle_plus_hybrid_electric,14035.779510379414,2.356311368225558,96836.90758569034,-1836.9075856903364,-40265.05437734272,-0.7268899998358672,-174628.17198294585,-0.8201117302130002,True,approach_landing,-40265.05437734272,-0.7268899998358672,True,False,True,False,0.0,False,False,False,14457.140454268787,1338.2244649102815,7,rejected_low_thrust_margin,rejected_corrected_low_thrust_margin,rejected_corrected_low_thrust_margin
V05-0091_hybrid,selected_grid,selected_grid,battery_capacity_Wh=1e+06;cruise_ld=15;hybrid_mass_per_MW_kg=400;max_generator_power_W_total=6e+06;sea_level_static_thrust_N_per_engine=130000;total_electric_power_W=4e+06,adaptive_cycle_plus_hybrid_electric,14056.77077788491,2.5093907687118255,97857.48227158113,-2857.4822715811315,-40640.42965775622,-0.7287282753494445,-177356.87369571358,-0.8223878103450282,True,approach_landing,-40640.42965775622,-0.7287282753494445,True,False,True,False,0.0,False,False,False,14763.623658463133,1354.9158114951922,7,rejected_low_thrust_margin,rejected_corrected_low_thrust_margin,rejected_corrected_low_thrust_margin
V05-0092_hybrid,selected_grid,selected_grid,battery_capacity_Wh=250000;cruise_ld=15;hybrid_mass_per_MW_kg=150;max_generator_power_W_total=2e+06;sea_level_static_thrust_N_per_engine=130000;total_electric_power_W=8e+06,adaptive_cycle_plus_hybrid_electric,13793.545401286758,0.5898124091932183,94197.38796443869,802.6120355613093,-45381.10489916109,-0.6820402420297091,-176456.9661040726,-0.8929414408343092,True,approach_landing,-45381.10489916109,-0.6820402420297091,True,False,True,True,1446094.3793569778,True,False,False,7281.048255025103,1382.5379541161678,8,rejected_low_thrust_margin,rejected_corrected_low_thrust_margin,rejected_corrected_low_thrust_margin
V05-0093_hybrid,selected_grid,selected_grid,battery_capacity_Wh=250000;cruise_ld=15;hybrid_mass_per_MW_kg=400;max_generator_power_W_total=2e+06;sea_level_static_thrust_N_per_engine=130000;total_electric_power_W=8e+06,adaptive_cycle_plus_hybrid_electric,13995.274758708681,2.06092934324887,96396.89826842687,-1396.8982684268703,-47297.155431037856,-0.6909401294136328,-181818.89654500122,-0.895769574028097,True,approach_landing,-47297.155431037856,-0.6909401294136328,True,False,True,True,1446094.3793569778,False,False,False,7625.213574882003,1417.5949239699696,9,rejected_low_thrust_margin,rejected_corrected_low_thrust_margin,rejected_corrected_low_thrust_margin
V05-0094_hybrid,selected_grid,selected_grid,battery_capacity_Wh=250000;cruise_ld=15;hybrid_mass_per_MW_kg=150;max_generator_power_W_total=6e+06;sea_level_static_thrust_N_per_engine=130000;total_electric_power_W=8e+06,adaptive_cycle_plus_hybrid_electric,13986.764062807972,1.9988648573448886,94401.36670199556,598.633298004439,-56599.006886100906,-0.3822979744167047,-154086.69079235394,-0.7175739959708899,True,approach_landing,-56599.006886100906,-0.3822979744167047,True,False,True,True,222248.2108285679,True,False,False,17626.35263867242,1217.9139342249855,9,rejected_low_thrust_margin,rejected_corrected_low_thrust_margin,rejected_corrected_low_thrust_margin
V05-0095_hybrid,selected_grid,selected_grid,battery_capacity_Wh=250000;cruise_ld=15;hybrid_mass_per_MW_kg=400;max_generator_power_W_total=6e+06;sea_level_static_thrust_N_per_engine=130000;total_electric_power_W=8e+06,adaptive_cycle_plus_hybrid_electric,14138.723289738205,3.1070317343924896,96538.7232897382,-1538.7232897382055,-59952.65616309071,-0.39598036195341885,-159408.32706444728,-0.7244039800729171,True,approach_landing,-59952.65616309071,-0.39598036195341885,True,False,True,True,222248.2108285679,False,False,False,18433.949270517434,1249.8798573135643,10,rejected_low_thrust_margin,rejected_corrected_low_thrust_margin,rejected_corrected_low_thrust_margin
V05-0096_hybrid,selected_grid,selected_grid,battery_capacity_Wh=1e+06;cruise_ld=15;hybrid_mass_per_MW_kg=150;max_generator_power_W_total=2e+06;sea_level_static_thrust_N_per_engine=130000;total_electric_power_W=8e+06,adaptive_cycle_plus_hybrid_electric,13970.699536360331,1.8817138526684583,97372.77688408484,-2372.776884084844,-40483.44132134838,-0.7279624962683624,-174629.60076759613,-0.8162861231168699,True,approach_landing,-40483.44132134838,-0.7279624962683624,True,False,True,True,950085.5040583595,False,False,False,7780.458097177822,1350.3428199912476,9,rejected_low_thrust_margin,rejected_corrected_low_thrust_margin,rejected_corrected_low_thrust_margin
V05-0097_hybrid,selected_grid,selected_grid,battery_capacity_Wh=1e+06;cruise_ld=15;hybrid_mass_per_MW_kg=400;max_generator_power_W_total=2e+06;sea_level_static_thrust_N_per_engine=130000;total_electric_power_W=8e+06,adaptive_cycle_plus_hybrid_electric,14011.62409651762,2.180157342676941,99412.92022801665,-4412.92022801665,-41243.725645034305,-0.7316314250245699,-180156.51320582523,-0.8209128260934412,True,approach_landing,-41243.725645034305,-0.7316314250245699,True,False,True,True,950085.5040583595,False,False,False,8110.061778436124,1383.8159341157373,9,rejected_low_thrust_margin,rejected_corrected_low_thrust_margin,rejected_corrected_low_thrust_margin
V05-0098_hybrid,selected_grid,selected_grid,battery_capacity_Wh=1e+06;cruise_ld=15;hybrid_mass_per_MW_kg=150;max_generator_power_W_total=6e+06;sea_level_static_thrust_N_per_engine=130000;total_electric_power_W=8e+06,adaptive_cycle_plus_hybrid_electric,14138.723289738205,3.1070317343924896,97538.7232897382,-2538.7232897382055,-61521.72016309072,-0.4021759037829115,-146159.75334187117,-0.6561082165135754,True,approach_landing,-61521.72016309072,-0.4021759037829115,True,False,True,False,0.0,False,False,False,18818.009072089022,1243.5590325888966,8,rejected_low_thrust_margin,rejected_corrected_low_thrust_margin,rejected_corrected_low_thrust_margin
V05-0099_hybrid,selected_grid,selected_grid,battery_capacity_Wh=1e+06;cruise_ld=15;hybrid_mass_per_MW_kg=400;max_generator_power_W_total=6e+06;sea_level_static_thrust_N_per_engine=130000;total_electric_power_W=8e+06,adaptive_cycle_plus_hybrid_electric,14138.723289738205,3.1070317343924896,99538.7232897382,-4538.7232897382055,-64659.84816309075,-0.41419335923710393,-151682.47633877795,-0.664427525718088,True,approach_landing,-64659.84816309075,-0.41419335923710393,True,False,True,False,0.0,False,False,False,19598.007716564243,1275.509400205664,8,rejected_low_thrust_margin,rejected_corrected_low_thrust_margin,rejected_corrected_low_thrust_margin
V05-0100_hybrid,selected_grid,selected_grid,battery_capacity_Wh=250000;cruise_ld=18;hybrid_mass_per_MW_kg=150;max_generator_power_W_total=2e+06;sea_level_static_thrust_N_per_engine=130000;total_electric_power_W=0,adaptive_cycle_plus_hybrid_electric,11359.88164674838,-17.15774801955859,90566.77385219424,4433.226147805763,-38874.307203571436,-0.7198565388924043,-98690.03222377482,-0.5322730208355878,True,approach_landing,-38874.307203571436,-0.7198565388924043,True,False,True,False,0.0,True,False,False,6630.06413283909,1311.5237811265338,4,rejected_low_thrust_margin,rejected_corrected_low_thrust_margin,rejected_corrected_low_thrust_margin
V05-0101_hybrid,selected_grid,selected_grid,battery_capacity_Wh=250000;cruise_ld=18;hybrid_mass_per_MW_kg=400;max_generator_power_W_total=2e+06;sea_level_static_thrust_N_per_engine=130000;total_electric_power_W=0,adaptive_cycle_plus_hybrid_electric,11359.88164674838,-17.15774801955859,90566.77385219424,4433.226147805763,-38874.307203571436,-0.7198565388924043,-98690.03222377482,-0.5322730208355878,True,approach_landing,-38874.307203571436,-0.7198565388924043,True,False,True,False,0.0,True,False,False,6630.06413283909,1311.5237811265338,4,rejected_low_thrust_margin,rejected_corrected_low_thrust_margin,rejected_corrected_low_thrust_margin
V05-0102_hybrid,selected_grid,selected_grid,battery_capacity_Wh=250000;cruise_ld=18;hybrid_mass_per_MW_kg=150;max_generator_power_W_total=6e+06;sea_level_static_thrust_N_per_engine=130000;total_electric_power_W=0,adaptive_cycle_plus_hybrid_electric,11359.88164674838,-17.15774801955859,90566.77385219424,4433.226147805763,-38874.307203571436,-0.7198565388924043,-98690.03222377482,-0.5322730208355878,True,approach_landing,-38874.307203571436,-0.7198565388924043,True,False,True,False,0.0,True,False,False,6630.06413283909,1311.5237811265338,4,rejected_low_thrust_margin,rejected_corrected_low_thrust_margin,rejected_corrected_low_thrust_margin
V05-0103_hybrid,selected_grid,selected_grid,battery_capacity_Wh=250000;cruise_ld=18;hybrid_mass_per_MW_kg=400;max_generator_power_W_total=6e+06;sea_level_static_thrust_N_per_engine=130000;total_electric_power_W=0,adaptive_cycle_plus_hybrid_electric,11359.88164674838,-17.15774801955859,90566.77385219424,4433.226147805763,-38874.307203571436,-0.7198565388924043,-98690.03222377482,-0.5322730208355878,True,approach_landing,-38874.307203571436,-0.7198565388924043,True,False,True,False,0.0,True,False,False,6630.06413283909,1311.5237811265338,4,rejected_low_thrust_margin,rejected_corrected_low_thrust_margin,rejected_corrected_low_thrust_margin
V05-0104_hybrid,selected_grid,selected_grid,battery_capacity_Wh=1e+06;cruise_ld=18;hybrid_mass_per_MW_kg=150;max_generator_power_W_total=2e+06;sea_level_static_thrust_N_per_engine=130000;total_electric_power_W=0,adaptive_cycle_plus_hybrid_electric,11651.510647061952,-15.031035446307751,93858.54848459622,1141.45151540378,-39970.02969683195,-0.7254276355350674,-106654.32443133049,-0.551536530760767,True,approach_landing,-39970.02969683195,-0.7254276355350674,True,False,True,False,0.0,True,False,False,7121.0349022904065,1365.975704608199,4,rejected_low_thrust_margin,rejected_corrected_low_thrust_margin,rejected_corrected_low_thrust_margin
V05-0105_hybrid,selected_grid,selected_grid,battery_capacity_Wh=1e+06;cruise_ld=18;hybrid_mass_per_MW_kg=400;max_generator_power_W_total=2e+06;sea_level_static_thrust_N_per_engine=130000;total_electric_power_W=0,adaptive_cycle_plus_hybrid_electric,11651.510647061952,-15.031035446307751,93858.54848459622,1141.45151540378,-39970.02969683195,-0.7254276355350674,-106654.32443133049,-0.551536530760767,True,approach_landing,-39970.02969683195,-0.7254276355350674,True,False,True,False,0.0,True,False,False,7121.0349022904065,1365.975704608199,4,rejected_low_thrust_margin,rejected_corrected_low_thrust_margin,rejected_corrected_low_thrust_margin
V05-0106_hybrid,selected_grid,selected_grid,battery_capacity_Wh=1e+06;cruise_ld=18;hybrid_mass_per_MW_kg=150;max_generator_power_W_total=6e+06;sea_level_static_thrust_N_per_engine=130000;total_electric_power_W=0,adaptive_cycle_plus_hybrid_electric,11651.510647061952,-15.031035446307751,93858.54848459622,1141.45151540378,-39970.02969683195,-0.7254276355350674,-106654.32443133049,-0.551536530760767,True,approach_landing,-39970.02969683195,-0.7254276355350674,True,False,True,False,0.0,True,False,False,7121.0349022904065,1365.975704608199,4,rejected_low_thrust_margin,rejected_corrected_low_thrust_margin,rejected_corrected_low_thrust_margin
V05-0107_hybrid,selected_grid,selected_grid,battery_capacity_Wh=1e+06;cruise_ld=18;hybrid_mass_per_MW_kg=400;max_generator_power_W_total=6e+06;sea_level_static_thrust_N_per_engine=130000;total_electric_power_W=0,adaptive_cycle_plus_hybrid_electric,11651.510647061952,-15.031035446307751,93858.54848459622,1141.45151540378,-39970.02969683195,-0.7254276355350674,-106654.32443133049,-0.551536530760767,True,approach_landing,-39970.02969683195,-0.7254276355350674,True,False,True,False,0.0,True,False,False,7121.0349022904065,1365.975704608199,4,rejected_low_thrust_margin,rejected_corrected_low_thrust_margin,rejected_corrected_low_thrust_margin
V05-0108_hybrid,selected_grid,selected_grid,battery_capacity_Wh=250000;cruise_ld=18;hybrid_mass_per_MW_kg=150;max_generator_power_W_total=2e+06;sea_level_static_thrust_N_per_engine=130000;total_electric_power_W=4e+06,adaptive_cycle_plus_hybrid_electric,11926.524482349925,-13.025489424835321,91737.09602435604,3262.9039756439597,-39109.45489777967,-0.7210710948769312,-169797.92017002628,-0.8504850955685438,True,approach_landing,-39109.45489777967,-0.7210710948769312,True,False,True,True,149610.959531181,True,False,False,7741.826481993173,1329.525075650001,6,rejected_low_thrust_margin,rejected_corrected_low_thrust_margin,rejected_corrected_low_thrust_margin
V05-0109_hybrid,selected_grid,selected_grid,battery_capacity_Wh=250000;cruise_ld=18;hybrid_mass_per_MW_kg=400;max_generator_power_W_total=2e+06;sea_level_static_thrust_N_per_engine=130000;total_electric_power_W=4e+06,adaptive_cycle_plus_hybrid_electric,12046.048233566282,-12.153859154043968,92856.33175683604,2143.668243163964,-39473.62732765087,-0.7229314277248149,-172444.88410327138,-0.8524414464661627,True,approach_landing,-39473.62732765087,-0.7229314277248149,True,False,True,True,149610.959531181,True,False,False,7931.982848486148,1346.7466453594034,6,rejected_low_thrust_margin,rejected_corrected_low_thrust_margin,rejected_corrected_low_thrust_margin
V05-0110_hybrid,selected_grid,selected_grid,battery_capacity_Wh=250000;cruise_ld=18;hybrid_mass_per_MW_kg=150;max_generator_power_W_total=6e+06;sea_level_static_thrust_N_per_engine=130000;total_electric_power_W=4e+06,adaptive_cycle_plus_hybrid_electric,11943.008475025277,-12.905279451059219,91753.56275385822,3246.4372461417806,-39114.28526696434,-0.7210959337275117,-166263.54594290478,-0.8127562227749913,True,approach_landing,-39114.28526696434,-0.7210959337275117,True,False,True,False,0.0,True,False,False,12978.470986486825,1285.785012259279,6,rejected_low_thrust_margin,rejected_corrected_low_thrust_margin,rejected_corrected_low_thrust_margin
V05-0111_hybrid,selected_grid,selected_grid,battery_capacity_Wh=250000;cruise_ld=18;hybrid_mass_per_MW_kg=400;max_generator_power_W_total=6e+06;sea_level_static_thrust_N_per_engine=130000;total_electric_power_W=4e+06,adaptive_cycle_plus_hybrid_electric,12062.534750339955,-12.033630773210849,92872.80092739912,2127.1990726008808,-39478.51739906855,-0.7229562392604401,-168910.94515260786,-0.8151484683125042,True,approach_landing,-39478.51739906855,-0.7229562392604401,True,False,True,False,0.0,True,False,False,13297.194027062373,1302.5977084876458,6,rejected_low_thrust_margin,rejected_corrected_low_thrust_margin,rejected_corrected_low_thrust_margin
V05-0112_hybrid,selected_grid,selected_grid,battery_capacity_Wh=1e+06;cruise_ld=18;hybrid_mass_per_MW_kg=150;max_generator_power_W_total=2e+06;sea_level_static_thrust_N_per_engine=130000;total_electric_power_W=4e+06,adaptive_cycle_plus_hybrid_electric,12285.6643478637,-10.406451994667194,95095.36106675735,-95.36106675735209,-40215.39683946098,-0.72664495097572,-171975.74689296624,-0.8090265402817952,True,approach_landing,-40215.39683946098,-0.72664495097572,True,False,True,False,0.0,False,False,False,8319.314481550313,1332.6523320940864,4,rejected_low_thrust_margin,rejected_corrected_low_thrust_margin,rejected_corrected_low_thrust_margin
V05-0113_hybrid,selected_grid,selected_grid,battery_capacity_Wh=1e+06;cruise_ld=18;hybrid_mass_per_MW_kg=400;max_generator_power_W_total=2e+06;sea_level_static_thrust_N_per_engine=130000;total_electric_power_W=4e+06,adaptive_cycle_plus_hybrid_electric,12405.756895679355,-9.530673758899622,96215.15478974771,-1215.154789747714,-40592.994189773104,-0.7284973430905832,-174720.58904093114,-0.8114610638914959,True,approach_landing,-40592.994189773104,-0.7284973430905832,True,False,True,False,0.0,False,False,False,8516.492074247262,1349.4640611603825,4,rejected_low_thrust_margin,rejected_corrected_low_thrust_margin,rejected_corrected_low_thrust_margin
V05-0114_hybrid,selected_grid,selected_grid,battery_capacity_Wh=1e+06;cruise_ld=18;hybrid_mass_per_MW_kg=150;max_generator_power_W_total=6e+06;sea_level_static_thrust_N_per_engine=130000;total_electric_power_W=4e+06,adaptive_cycle_plus_hybrid_electric,12302.155916474749,-10.286186773169897,95111.83512217284,-111.83512217283715,-40220.4063197255,-0.7266696915834248,-174303.61986181609,-0.8198371251938401,True,approach_landing,-40220.4063197255,-0.7266696915834248,True,False,True,False,0.0,False,False,False,13946.402513154715,1336.226074502828,6,rejected_low_thrust_margin,rejected_corrected_low_thrust_margin,rejected_corrected_low_thrust_margin
V05-0115_hybrid,selected_grid,selected_grid,battery_capacity_Wh=1e+06;cruise_ld=18;hybrid_mass_per_MW_kg=400;max_generator_power_W_total=6e+06;sea_level_static_thrust_N_per_engine=130000;total_electric_power_W=4e+06,adaptive_cycle_plus_hybrid_electric,12422.250992030982,-9.410390103784051,96231.63128895493,-1231.63128895493,-40598.06337664385,-0.7285220404068582,-177048.89731812847,-0.8221338069883699,True,approach_landing,-40598.06337664385,-0.7285220404068582,True,False,True,False,0.0,False,False,False,14276.891856845188,1353.0416881357082,6,rejected_low_thrust_margin,rejected_corrected_low_thrust_margin,rejected_corrected_low_thrust_margin
V05-0116_hybrid,selected_grid,selected_grid,battery_capacity_Wh=250000;cruise_ld=18;hybrid_mass_per_MW_kg=150;max_generator_power_W_total=2e+06;sea_level_static_thrust_N_per_engine=130000;total_electric_power_W=8e+06,adaptive_cycle_plus_hybrid_electric,11981.855801596757,-12.621984244588274,92392.39181901074,2607.608180989264,-45262.12825022667,-0.68147067336214,-176121.66107725605,-0.8927594778063174,True,approach_landing,-45262.12825022667,-0.68147067336214,True,False,True,True,1446094.3793569778,True,False,False,7004.550984536651,1380.3171370499294,8,rejected_low_thrust_margin,rejected_corrected_low_thrust_margin,rejected_corrected_low_thrust_margin
V05-0117_hybrid,selected_grid,selected_grid,battery_capacity_Wh=250000;cruise_ld=18;hybrid_mass_per_MW_kg=400;max_generator_power_W_total=2e+06;sea_level_static_thrust_N_per_engine=130000;total_electric_power_W=8e+06,adaptive_cycle_plus_hybrid_electric,12220.910983554366,-10.878667699857274,94630.86942901905,369.13057098095305,-47177.918699591755,-0.6904008482892771,-181487.23049660982,-0.8955989803055129,True,approach_landing,-47177.918699591755,-0.6904008482892771,True,False,True,True,1446094.3793569778,True,False,False,7348.247869246944,1415.450787473522,8,rejected_low_thrust_margin,rejected_corrected_low_thrust_margin,rejected_corrected_low_thrust_margin
V05-0118_hybrid,selected_grid,selected_grid,battery_capacity_Wh=250000;cruise_ld=18;hybrid_mass_per_MW_kg=150;max_generator_power_W_total=6e+06;sea_level_static_thrust_N_per_engine=130000;total_electric_power_W=8e+06,adaptive_cycle_plus_hybrid_electric,12208.573354493734,-10.968640201971738,92614.77899791168,2385.2210020883213,-53795.73643678021,-0.3703762441748577,-153718.04301910364,-0.7170883004634371,True,approach_landing,-53795.73643678021,-0.3703762441748577,True,False,True,True,222248.2108285679,True,False,False,16965.173057837186,1215.6709990560869,9,rejected_low_thrust_margin,rejected_corrected_low_thrust_margin,rejected_corrected_low_thrust_margin
V05-0119_hybrid,selected_grid,selected_grid,battery_capacity_Wh=250000;cruise_ld=18;hybrid_mass_per_MW_kg=400;max_generator_power_W_total=6e+06;sea_level_static_thrust_N_per_engine=130000;total_electric_power_W=8e+06,adaptive_cycle_plus_hybrid_electric,12402.971274347074,-9.550987979725768,94809.05371159544,190.94628840456426,-57238.69389613172,-0.3849554378711116,-159078.17407160642,-0.7239898754533587,True,approach_landing,-57238.69389613172,-0.3849554378711116,True,False,True,True,222248.2108285679,True,False,False,17779.00038549832,1247.918593656715,9,rejected_low_thrust_margin,rejected_corrected_low_thrust_margin,rejected_corrected_low_thrust_margin
V05-0120_hybrid,selected_grid,selected_grid,battery_capacity_Wh=1e+06;cruise_ld=18;hybrid_mass_per_MW_kg=150;max_generator_power_W_total=2e+06;sea_level_static_thrust_N_per_engine=130000;total_electric_power_W=8e+06,adaptive_cycle_plus_hybrid_electric,12295.92782981651,-10.331605267863944,95705.9738741516,-705.9738741516048,-40439.90123986044,-0.7277493441000449,-174313.09617779276,-0.8160139222362367,True,approach_landing,-40439.90123986044,-0.7277493441000449,True,False,True,True,950085.5040583595,False,False,False,7516.246005559139,1348.4021759375846,8,rejected_low_thrust_margin,rejected_corrected_low_thrust_margin,rejected_corrected_low_thrust_margin
V05-0121_hybrid,selected_grid,selected_grid,battery_capacity_Wh=1e+06;cruise_ld=18;hybrid_mass_per_MW_kg=400;max_generator_power_W_total=2e+06;sea_level_static_thrust_N_per_engine=130000;total_electric_power_W=8e+06,adaptive_cycle_plus_hybrid_electric,12535.003280098603,-8.588140915814492,97944.46769365773,-2944.4676936577307,-41204.87145359259,-0.7314463262961886,-179874.05236127012,-0.820682029634461,True,approach_landing,-41204.87145359259,-0.7314463262961886,True,False,True,True,950085.5040583595,False,False,False,7872.130393495486,1382.1238418991495,8,rejected_low_thrust_margin,rejected_corrected_low_thrust_margin,rejected_corrected_low_thrust_margin
V05-0122_hybrid,selected_grid,selected_grid,battery_capacity_Wh=1e+06;cruise_ld=18;hybrid_mass_per_MW_kg=150;max_generator_power_W_total=6e+06;sea_level_static_thrust_N_per_engine=130000;total_electric_power_W=8e+06,adaptive_cycle_plus_hybrid_electric,12500.170234273744,-8.842161868602776,95906.1910684373,-906.1910684372997,-58960.17262580745,-0.39199474217009406,-145845.13052463142,-0.6556218389944507,True,approach_landing,-58960.17262580745,-0.39199474217009406,True,False,True,False,0.0,False,False,False,18193.063512005472,1241.7165387313498,7,rejected_low_thrust_margin,rejected_corrected_low_thrust_margin,rejected_corrected_low_thrust_margin
V05-0123_hybrid,selected_grid,selected_grid,battery_capacity_Wh=1e+06;cruise_ld=18;hybrid_mass_per_MW_kg=400;max_generator_power_W_total=6e+06;sea_level_static_thrust_N_per_engine=130000;total_electric_power_W=8e+06,adaptive_cycle_plus_hybrid_electric,12694.568154127084,-7.424509646356809,98100.46578212106,-3100.4657821210567,-62403.13008515893,-0.4056007710826875,-151400.29129106013,-0.6640122183003979,True,approach_landing,-62403.13008515893,-0.4056007710826875,True,False,True,False,0.0,False,False,False,19035.488690372997,1273.8944491903073,7,rejected_low_thrust_margin,rejected_corrected_low_thrust_margin,rejected_corrected_low_thrust_margin
V05-0124_hybrid,selected_grid,selected_grid,battery_capacity_Wh=250000;cruise_ld=15;hybrid_mass_per_MW_kg=150;max_generator_power_W_total=2e+06;sea_level_static_thrust_N_per_engine=150000;total_electric_power_W=0,adaptive_cycle_plus_hybrid_electric,13676.498156068274,-0.26375787292161834,92885.43724218222,2114.562757817781,-36660.31802543983,-0.6774353695570532,-86072.22019250851,-0.4624144672445488,True,approach_landing,-36660.31802543983,-0.6774353695570532,True,False,True,False,0.0,True,False,False,6043.269672789249,1294.8724238169152,4,rejected_low_thrust_margin,rejected_corrected_low_thrust_margin,rejected_corrected_low_thrust_margin
V05-0125_hybrid,selected_grid,selected_grid,battery_capacity_Wh=250000;cruise_ld=15;hybrid_mass_per_MW_kg=400;max_generator_power_W_total=2e+06;sea_level_static_thrust_N_per_engine=150000;total_electric_power_W=0,adaptive_cycle_plus_hybrid_electric,13676.498156068274,-0.26375787292161834,92885.43724218222,2114.562757817781,-36660.31802543983,-0.6774353695570532,-86072.22019250851,-0.4624144672445488,True,approach_landing,-36660.31802543983,-0.6774353695570532,True,False,True,False,0.0,True,False,False,6043.269672789249,1294.8724238169152,4,rejected_low_thrust_margin,rejected_corrected_low_thrust_margin,rejected_corrected_low_thrust_margin
V05-0126_hybrid,selected_grid,selected_grid,battery_capacity_Wh=250000;cruise_ld=15;hybrid_mass_per_MW_kg=150;max_generator_power_W_total=6e+06;sea_level_static_thrust_N_per_engine=150000;total_electric_power_W=0,adaptive_cycle_plus_hybrid_electric,13676.498156068274,-0.26375787292161834,92885.43724218222,2114.562757817781,-36660.31802543983,-0.6774353695570532,-86072.22019250851,-0.4624144672445488,True,approach_landing,-36660.31802543983,-0.6774353695570532,True,False,True,False,0.0,True,False,False,6043.269672789249,1294.8724238169152,4,rejected_low_thrust_margin,rejected_corrected_low_thrust_margin,rejected_corrected_low_thrust_margin
V05-0127_hybrid,selected_grid,selected_grid,battery_capacity_Wh=250000;cruise_ld=15;hybrid_mass_per_MW_kg=400;max_generator_power_W_total=6e+06;sea_level_static_thrust_N_per_engine=150000;total_electric_power_W=0,adaptive_cycle_plus_hybrid_electric,13676.498156068274,-0.26375787292161834,92885.43724218222,2114.562757817781,-36660.31802543983,-0.6774353695570532,-86072.22019250851,-0.4624144672445488,True,approach_landing,-36660.31802543983,-0.6774353695570532,True,False,True,False,0.0,True,False,False,6043.269672789249,1294.8724238169152,4,rejected_low_thrust_margin,rejected_corrected_low_thrust_margin,rejected_corrected_low_thrust_margin
V05-0128_hybrid,selected_grid,selected_grid,battery_capacity_Wh=1e+06;cruise_ld=15;hybrid_mass_per_MW_kg=150;max_generator_power_W_total=2e+06;sea_level_static_thrust_N_per_engine=150000;total_electric_power_W=0,adaptive_cycle_plus_hybrid_electric,14033.32840102688,2.3384365852895588,96241.88426667094,-1241.8842666709388,-37761.860436534706,-0.6838702172995972,-94075.14942164792,-0.4845751304595484,True,approach_landing,-37761.860436534706,-0.6838702172995972,True,False,True,False,0.0,False,False,False,6488.171271115143,1349.2504872417549,4,rejected_low_thrust_margin,rejected_corrected_low_thrust_margin,rejected_corrected_low_thrust_margin
V05-0129_hybrid,selected_grid,selected_grid,battery_capacity_Wh=1e+06;cruise_ld=15;hybrid_mass_per_MW_kg=400;max_generator_power_W_total=2e+06;sea_level_static_thrust_N_per_engine=150000;total_electric_power_W=0,adaptive_cycle_plus_hybrid_electric,14033.32840102688,2.3384365852895588,96241.88426667094,-1241.8842666709388,-37761.860436534706,-0.6838702172995972,-94075.14942164792,-0.4845751304595484,True,approach_landing,-37761.860436534706,-0.6838702172995972,True,False,True,False,0.0,False,False,False,6488.171271115143,1349.2504872417549,4,rejected_low_thrust_margin,rejected_corrected_low_thrust_margin,rejected_corrected_low_thrust_margin
V05-0130_hybrid,selected_grid,selected_grid,battery_capacity_Wh=1e+06;cruise_ld=15;hybrid_mass_per_MW_kg=150;max_generator_power_W_total=6e+06;sea_level_static_thrust_N_per_engine=150000;total_electric_power_W=0,adaptive_cycle_plus_hybrid_electric,14033.32840102688,2.3384365852895588,96241.88426667094,-1241.8842666709388,-37761.860436534706,-0.6838702172995972,-94075.14942164792,-0.4845751304595484,True,approach_landing,-37761.860436534706,-0.6838702172995972,True,False,True,False,0.0,False,False,False,6488.171271115143,1349.2504872417549,4,rejected_low_thrust_margin,rejected_corrected_low_thrust_margin,rejected_corrected_low_thrust_margin
V05-0131_hybrid,selected_grid,selected_grid,battery_capacity_Wh=1e+06;cruise_ld=15;hybrid_mass_per_MW_kg=400;max_generator_power_W_total=6e+06;sea_level_static_thrust_N_per_engine=150000;total_electric_power_W=0,adaptive_cycle_plus_hybrid_electric,14033.32840102688,2.3384365852895588,96241.88426667094,-1241.8842666709388,-37761.860436534706,-0.6838702172995972,-94075.14942164792,-0.4845751304595484,True,approach_landing,-37761.860436534706,-0.6838702172995972,True,False,True,False,0.0,False,False,False,6488.171271115143,1349.2504872417549,4,rejected_low_thrust_margin,rejected_corrected_low_thrust_margin,rejected_corrected_low_thrust_margin
V05-0132_hybrid,selected_grid,selected_grid,battery_capacity_Wh=250000;cruise_ld=15;hybrid_mass_per_MW_kg=150;max_generator_power_W_total=2e+06;sea_level_static_thrust_N_per_engine=150000;total_electric_power_W=4e+06,adaptive_cycle_plus_hybrid_electric,13863.685741375804,1.1013127846671011,93677.2590164356,1322.7409835644066,-36886.60522917985,-0.6787785555869749,-157114.94357858683,-0.7843697307694423,True,approach_landing,-36886.60522917985,-0.6787785555869749,True,False,True,True,149610.959531181,True,False,False,6785.120955679961,1310.767549096904,6,rejected_low_thrust_margin,rejected_corrected_low_thrust_margin,rejected_corrected_low_thrust_margin
V05-0133_hybrid,selected_grid,selected_grid,battery_capacity_Wh=250000;cruise_ld=15;hybrid_mass_per_MW_kg=400;max_generator_power_W_total=2e+06;sea_level_static_thrust_N_per_engine=150000;total_electric_power_W=4e+06,adaptive_cycle_plus_hybrid_electric,14004.958299913145,2.13154683605988,94818.33992534272,181.66007465728035,-37252.69019391297,-0.6809280186541261,-159774.5822887512,-0.7871953079628652,True,approach_landing,-37252.69019391297,-0.6809280186541261,True,False,True,True,149610.959531181,True,False,False,6951.521619562411,1327.9952538801813,6,rejected_low_thrust_margin,rejected_corrected_low_thrust_margin,rejected_corrected_low_thrust_margin
V05-0134_hybrid,selected_grid,selected_grid,battery_capacity_Wh=250000;cruise_ld=15;hybrid_mass_per_MW_kg=150;max_generator_power_W_total=6e+06;sea_level_static_thrust_N_per_engine=150000;total_electric_power_W=4e+06,adaptive_cycle_plus_hybrid_electric,13880.458336165198,1.2236273973643688,93694.00410839923,1305.9958916007745,-36891.456825907124,-0.6788072310130369,-166922.6140636533,-0.8133575405180169,True,approach_landing,-36891.456825907124,-0.6788072310130369,True,False,True,False,0.0,True,False,False,10268.50495951802,1288.227206161255,5,rejected_low_thrust_margin,rejected_corrected_low_thrust_margin,rejected_corrected_low_thrust_margin
V05-0135_hybrid,selected_grid,selected_grid,battery_capacity_Wh=250000;cruise_ld=15;hybrid_mass_per_MW_kg=400;max_generator_power_W_total=6e+06;sea_level_static_thrust_N_per_engine=150000;total_electric_power_W=4e+06,adaptive_cycle_plus_hybrid_electric,14021.733423131122,2.25387988739271,94835.08744185096,164.91255814903707,-37257.601635987725,-0.6809566605837217,-169582.68909375748,-0.8157457787846879,True,approach_landing,-37257.601635987725,-0.6809566605837217,True,False,True,False,0.0,True,False,False,10520.288575957424,1305.0684869004212,5,rejected_low_thrust_margin,rejected_corrected_low_thrust_margin,rejected_corrected_low_thrust_margin
V05-0136_hybrid,selected_grid,selected_grid,battery_capacity_Wh=1e+06;cruise_ld=15;hybrid_mass_per_MW_kg=150;max_generator_power_W_total=2e+06;sea_level_static_thrust_N_per_engine=150000;total_electric_power_W=4e+06,adaptive_cycle_plus_hybrid_electric,14288.07509656118,4.196183927989913,97101.06807309795,-2101.068073097951,-37998.332376162005,-0.6852182779386505,-159331.14158822194,-0.7470917478827119,True,approach_landing,-37998.332376162005,-0.6852182779386505,True,False,True,False,0.0,False,False,False,7290.455407239448,1314.8542416162015,4,rejected_low_thrust_margin,rejected_corrected_low_thrust_margin,rejected_corrected_low_thrust_margin
V05-0137_hybrid,selected_grid,selected_grid,battery_capacity_Wh=1e+06;cruise_ld=15;hybrid_mass_per_MW_kg=400;max_generator_power_W_total=2e+06;sea_level_static_thrust_N_per_engine=150000;total_electric_power_W=4e+06,adaptive_cycle_plus_hybrid_electric,14429.919521777008,5.230588332996542,98242.71548230031,-3242.7154823003075,-38377.88992116378,-0.6873581565289396,-162089.00589984292,-0.7503204585198294,True,approach_landing,-38377.88992116378,-0.6873581565289396,True,False,True,False,0.0,False,False,False,7462.990558340918,1331.6683592645572,4,rejected_low_thrust_margin,rejected_corrected_low_thrust_margin,rejected_corrected_low_thrust_margin
V05-0138_hybrid,selected_grid,selected_grid,battery_capacity_Wh=1e+06;cruise_ld=15;hybrid_mass_per_MW_kg=150;max_generator_power_W_total=6e+06;sea_level_static_thrust_N_per_engine=150000;total_electric_power_W=4e+06,adaptive_cycle_plus_hybrid_electric,14304.855280212956,4.318553882676579,97117.82044143141,-2117.8204414314096,-38003.36351312942,-0.6852468341540741,-175001.0623983701,-0.8204262028790336,True,approach_landing,-38003.36351312942,-0.6852468341540741,True,False,True,False,0.0,False,False,False,11033.133328704318,1338.7541116249133,5,rejected_low_thrust_margin,rejected_corrected_low_thrust_margin,rejected_corrected_low_thrust_margin
V05-0139_hybrid,selected_grid,selected_grid,battery_capacity_Wh=1e+06;cruise_ld=15;hybrid_mass_per_MW_kg=400;max_generator_power_W_total=6e+06;sea_level_static_thrust_N_per_engine=150000;total_electric_power_W=4e+06,adaptive_cycle_plus_hybrid_electric,14446.702237435558,5.352976752412836,98259.470277915,-3259.4702779149957,-38382.98090767081,-0.6873866608990902,-177759.3630605002,-0.8227186717015302,True,approach_landing,-38382.98090767081,-0.6873866608990902,True,False,True,False,0.0,False,False,False,11294.197532039732,1355.5983999442715,5,rejected_low_thrust_margin,rejected_corrected_low_thrust_margin,rejected_corrected_low_thrust_margin
V05-0140_hybrid,selected_grid,selected_grid,battery_capacity_Wh=250000;cruise_ld=15;hybrid_mass_per_MW_kg=150;max_generator_power_W_total=2e+06;sea_level_static_thrust_N_per_engine=150000;total_electric_power_W=8e+06,adaptive_cycle_plus_hybrid_electric,13936.08323083763,1.6292734845450494,94349.52141048989,650.4785895101086,-37105.37824610609,-0.6800665466074475,-163446.63678186105,-0.8257185897817496,True,approach_landing,-37105.37824610609,-0.6800665466074475,True,False,True,True,1446094.3793569778,True,False,False,6214.037195826184,1360.7452014089815,8,rejected_low_thrust_margin,rejected_corrected_low_thrust_margin,rejected_corrected_low_thrust_margin
V05-0141_hybrid,selected_grid,selected_grid,battery_capacity_Wh=250000;cruise_ld=15;hybrid_mass_per_MW_kg=400;max_generator_power_W_total=2e+06;sea_level_static_thrust_N_per_engine=150000;total_electric_power_W=8e+06,adaptive_cycle_plus_hybrid_electric,14218.70442781351,3.69029640212021,96631.75672873217,-1631.7567287321726,-37847.41051737186,-0.6843592453885184,-168837.81857775632,-0.8303394302145453,True,approach_landing,-37847.41051737186,-0.6843592453885184,True,False,True,True,1446094.3793569778,False,False,False,6518.471434863262,1395.9024081682403,8,rejected_low_thrust_margin,rejected_corrected_low_thrust_margin,rejected_corrected_low_thrust_margin
V05-0142_hybrid,selected_grid,selected_grid,battery_capacity_Wh=250000;cruise_ld=15;hybrid_mass_per_MW_kg=150;max_generator_power_W_total=6e+06;sea_level_static_thrust_N_per_engine=150000;total_electric_power_W=8e+06,adaptive_cycle_plus_hybrid_electric,14648.20238073896,6.822422136151802,95056.09789794352,-56.09789794351673,-37130.60783209562,-0.6802144177920441,-154476.8425524574,-0.7180862099825859,True,approach_landing,-37130.60783209562,-0.6802144177920441,True,False,True,True,222248.2108285679,False,False,False,12460.130900218008,1218.5908856032038,9,rejected_low_thrust_margin,rejected_corrected_low_thrust_margin,rejected_corrected_low_thrust_margin
V05-0143_hybrid,selected_grid,selected_grid,battery_capacity_Wh=250000;cruise_ld=15;hybrid_mass_per_MW_kg=400;max_generator_power_W_total=6e+06;sea_level_static_thrust_N_per_engine=150000;total_electric_power_W=8e+06,adaptive_cycle_plus_hybrid_electric,14886.089210711361,8.557218441625905,97293.72924760266,-2293.7292476026632,-37872.07332583989,-0.6844999440412076,-159863.92175038133,-0.724973387585884,True,approach_landing,-37872.07332583989,-0.6844999440412076,True,False,True,True,222248.2108285679,False,False,False,13053.997486963764,1250.8885924358563,9,rejected_low_thrust_margin,rejected_corrected_low_thrust_margin,rejected_corrected_low_thrust_margin
V05-0144_hybrid,selected_grid,selected_grid,battery_capacity_Wh=1e+06;cruise_ld=15;hybrid_mass_per_MW_kg=150;max_generator_power_W_total=2e+06;sea_level_static_thrust_N_per_engine=150000;total_electric_power_W=8e+06,adaptive_cycle_plus_hybrid_electric,14326.18759652165,4.474120391019304,97738.99551161393,-2738.9955116139317,-38224.194088174714,-0.6864951614110475,-161677.62559183766,-0.7543686138217545,True,approach_landing,-38224.194088174714,-0.6864951614110475,True,False,True,True,950085.5040583595,False,False,False,6668.79210494551,1330.504550635635,8,rejected_low_thrust_margin,rejected_corrected_low_thrust_margin,rejected_corrected_low_thrust_margin
V05-0145_hybrid,selected_grid,selected_grid,battery_capacity_Wh=1e+06;cruise_ld=15;hybrid_mass_per_MW_kg=400;max_generator_power_W_total=2e+06;sea_level_static_thrust_N_per_engine=150000;total_electric_power_W=8e+06,adaptive_cycle_plus_hybrid_electric,14609.01066538877,6.536615464960345,100021.42585048884,-5021.425850488842,-38993.12372113848,-0.6907656102816835,-167264.9107126798,-0.7606094323893303,True,approach_landing,-38993.12372113848,-0.6907656102816835,True,False,True,True,950085.5040583595,False,False,False,6984.06561712813,1364.233489696729,8,rejected_low_thrust_margin,rejected_corrected_low_thrust_margin,rejected_corrected_low_thrust_margin
V05-0146_hybrid,selected_grid,selected_grid,battery_capacity_Wh=1e+06;cruise_ld=15;hybrid_mass_per_MW_kg=150;max_generator_power_W_total=6e+06;sea_level_static_thrust_N_per_engine=150000;total_electric_power_W=8e+06,adaptive_cycle_plus_hybrid_electric,15005.032625697564,9.424616594362966,98412.54492243222,-3412.544922432222,-38249.51412458736,-0.686637659903766,-146644.50194112476,-0.6568549094235784,True,approach_landing,-38249.51412458736,-0.686637659903766,True,False,True,False,0.0,False,False,False,13356.115044787874,1244.7040184033801,7,rejected_low_thrust_margin,rejected_corrected_low_thrust_margin,rejected_corrected_low_thrust_margin
V05-0147_hybrid,selected_grid,selected_grid,battery_capacity_Wh=1e+06;cruise_ld=15;hybrid_mass_per_MW_kg=400;max_generator_power_W_total=6e+06;sea_level_static_thrust_N_per_engine=150000;total_electric_power_W=8e+06,adaptive_cycle_plus_hybrid_electric,15242.919455669966,11.159412899837069,100650.17627209137,-5650.176272091368,-39017.81182583299,-0.6909007952235394,-152227.20951300595,-0.6652263427335645,True,approach_landing,-39017.81182583299,-0.6909007952235394,True,False,True,False,0.0,False,False,False,13970.718689338559,1276.9321989444306,7,rejected_low_thrust_margin,rejected_corrected_low_thrust_margin,rejected_corrected_low_thrust_margin
V05-0148_hybrid,selected_grid,selected_grid,battery_capacity_Wh=250000;cruise_ld=18;hybrid_mass_per_MW_kg=150;max_generator_power_W_total=2e+06;sea_level_static_thrust_N_per_engine=150000;total_electric_power_W=0,adaptive_cycle_plus_hybrid_electric,11922.998626676395,-13.05120182512576,91129.38526260894,3870.6147373910644,-36613.02605836527,-0.6771532355373069,-85728.65798737266,-0.46142038182666434,True,approach_landing,-36613.02605836527,-0.6771532355373069,True,False,True,False,0.0,True,False,False,5816.798316851787,1292.4934934530695,4,rejected_low_thrust_margin,rejected_corrected_low_thrust_margin,rejected_corrected_low_thrust_margin
V05-0149_hybrid,selected_grid,selected_grid,battery_capacity_Wh=250000;cruise_ld=18;hybrid_mass_per_MW_kg=400;max_generator_power_W_total=2e+06;sea_level_static_thrust_N_per_engine=150000;total_electric_power_W=0,adaptive_cycle_plus_hybrid_electric,11922.998626676395,-13.05120182512576,91129.38526260894,3870.6147373910644,-36613.02605836527,-0.6771532355373069,-85728.65798737266,-0.46142038182666434,True,approach_landing,-36613.02605836527,-0.6771532355373069,True,False,True,False,0.0,True,False,False,5816.798316851787,1292.4934934530695,4,rejected_low_thrust_margin,rejected_corrected_low_thrust_margin,rejected_corrected_low_thrust_margin
V05-0150_hybrid,selected_grid,selected_grid,battery_capacity_Wh=250000;cruise_ld=18;hybrid_mass_per_MW_kg=150;max_generator_power_W_total=6e+06;sea_level_static_thrust_N_per_engine=150000;total_electric_power_W=0,adaptive_cycle_plus_hybrid_electric,11922.998626676395,-13.05120182512576,91129.38526260894,3870.6147373910644,-36613.02605836527,-0.6771532355373069,-85728.65798737266,-0.46142038182666434,True,approach_landing,-36613.02605836527,-0.6771532355373069,True,False,True,False,0.0,True,False,False,5816.798316851787,1292.4934934530695,4,rejected_low_thrust_margin,rejected_corrected_low_thrust_margin,rejected_corrected_low_thrust_margin
V05-0151_hybrid,selected_grid,selected_grid,battery_capacity_Wh=250000;cruise_ld=18;hybrid_mass_per_MW_kg=400;max_generator_power_W_total=6e+06;sea_level_static_thrust_N_per_engine=150000;total_electric_power_W=0,adaptive_cycle_plus_hybrid_electric,11922.998626676395,-13.05120182512576,91129.38526260894,3870.6147373910644,-36613.02605836527,-0.6771532355373069,-85728.65798737266,-0.46142038182666434,True,approach_landing,-36613.02605836527,-0.6771532355373069,True,False,True,False,0.0,True,False,False,5816.798316851787,1292.4934934530695,4,rejected_low_thrust_margin,rejected_corrected_low_thrust_margin,rejected_corrected_low_thrust_margin
V05-0152_hybrid,selected_grid,selected_grid,battery_capacity_Wh=1e+06;cruise_ld=18;hybrid_mass_per_MW_kg=150;max_generator_power_W_total=2e+06;sea_level_static_thrust_N_per_engine=150000;total_electric_power_W=0,adaptive_cycle_plus_hybrid_electric,12214.595506456404,-10.924723491756815,94420.79733313456,579.2026668654435,-37711.092091571314,-0.6835792941984372,-93706.28480879267,-0.4835939598945976,True,approach_landing,-37711.092091571314,-0.6835792941984372,True,False,True,False,0.0,True,False,False,6244.823013829999,1346.7862996852805,4,rejected_low_thrust_margin,rejected_corrected_low_thrust_margin,rejected_corrected_low_thrust_margin
V05-0153_hybrid,selected_grid,selected_grid,battery_capacity_Wh=1e+06;cruise_ld=18;hybrid_mass_per_MW_kg=400;max_generator_power_W_total=2e+06;sea_level_static_thrust_N_per_engine=150000;total_electric_power_W=0,adaptive_cycle_plus_hybrid_electric,12214.595506456404,-10.924723491756815,94420.79733313456,579.2026668654435,-37711.092091571314,-0.6835792941984372,-93706.28480879267,-0.4835939598945976,True,approach_landing,-37711.092091571314,-0.6835792941984372,True,False,True,False,0.0,True,False,False,6244.823013829999,1346.7862996852805,4,rejected_low_thrust_margin,rejected_corrected_low_thrust_margin,rejected_corrected_low_thrust_margin
V05-0154_hybrid,selected_grid,selected_grid,battery_capacity_Wh=1e+06;cruise_ld=18;hybrid_mass_per_MW_kg=150;max_generator_power_W_total=6e+06;sea_level_static_thrust_N_per_engine=150000;total_electric_power_W=0,adaptive_cycle_plus_hybrid_electric,12214.595506456404,-10.924723491756815,94420.79733313456,579.2026668654435,-37711.092091571314,-0.6835792941984372,-93706.28480879267,-0.4835939598945976,True,approach_landing,-37711.092091571314,-0.6835792941984372,True,False,True,False,0.0,True,False,False,6244.823013829999,1346.7862996852805,4,rejected_low_thrust_margin,rejected_corrected_low_thrust_margin,rejected_corrected_low_thrust_margin
V05-0155_hybrid,selected_grid,selected_grid,battery_capacity_Wh=1e+06;cruise_ld=18;hybrid_mass_per_MW_kg=400;max_generator_power_W_total=6e+06;sea_level_static_thrust_N_per_engine=150000;total_electric_power_W=0,adaptive_cycle_plus_hybrid_electric,12214.595506456404,-10.924723491756815,94420.79733313456,579.2026668654435,-37711.092091571314,-0.6835792941984372,-93706.28480879267,-0.4835939598945976,True,approach_landing,-37711.092091571314,-0.6835792941984372,True,False,True,False,0.0,True,False,False,6244.823013829999,1346.7862996852805,4,rejected_low_thrust_margin,rejected_corrected_low_thrust_margin,rejected_corrected_low_thrust_margin
V05-0156_hybrid,selected_grid,selected_grid,battery_capacity_Wh=250000;cruise_ld=18;hybrid_mass_per_MW_kg=150;max_generator_power_W_total=2e+06;sea_level_static_thrust_N_per_engine=150000;total_electric_power_W=4e+06,adaptive_cycle_plus_hybrid_electric,12061.658236970656,-12.040022771266965,91872.34123156368,3127.6587684363185,-36837.53214706094,-0.6784882204152265,-156758.43226066875,-0.7839852629147149,True,approach_landing,-36837.53214706094,-0.6784882204152265,True,False,True,True,149610.959531181,True,False,False,6526.030774741166,1308.4421144259443,6,rejected_low_thrust_margin,rejected_corrected_low_thrust_margin,rejected_corrected_low_thrust_margin
V05-0157_hybrid,selected_grid,selected_grid,battery_capacity_Wh=250000;cruise_ld=18;hybrid_mass_per_MW_kg=400;max_generator_power_W_total=2e+06;sea_level_static_thrust_N_per_engine=150000;total_electric_power_W=4e+06,adaptive_cycle_plus_hybrid_electric,12180.426752400817,-11.17390007839325,92991.0231029568,2008.976897043205,-37202.44301799693,-0.680634697792656,-159409.52543924047,-0.7868118671528375,True,approach_landing,-37202.44301799693,-0.680634697792656,True,False,True,True,149610.959531181,True,False,False,6686.019741963768,1325.643037933345,6,rejected_low_thrust_margin,rejected_corrected_low_thrust_margin,rejected_corrected_low_thrust_margin
V05-0158_hybrid,selected_grid,selected_grid,battery_capacity_Wh=250000;cruise_ld=18;hybrid_mass_per_MW_kg=150;max_generator_power_W_total=6e+06;sea_level_static_thrust_N_per_engine=150000;total_electric_power_W=4e+06,adaptive_cycle_plus_hybrid_electric,12078.131877611284,-11.919888289991205,91888.79760841183,3111.2023915881728,-36842.371388225736,-0.6785168745455566,-166566.01277470117,-0.8130326665126755,True,approach_landing,-36842.371388225736,-0.6785168745455566,True,False,True,False,0.0,True,False,False,9876.408922358232,1285.9537173979495,5,rejected_low_thrust_margin,rejected_corrected_low_thrust_margin,rejected_corrected_low_thrust_margin
V05-0159_hybrid,selected_grid,selected_grid,battery_capacity_Wh=250000;cruise_ld=18;hybrid_mass_per_MW_kg=400;max_generator_power_W_total=6e+06;sea_level_static_thrust_N_per_engine=150000;total_electric_power_W=4e+06,adaptive_cycle_plus_hybrid_electric,12196.902825293932,-11.053747859848775,93007.48183642111,1992.5181635788904,-37207.341966883876,-0.6806633194211132,-169217.54126961643,-0.8154215713431184,True,approach_landing,-37207.341966883876,-0.6806633194211132,True,False,True,False,0.0,True,False,False,10118.49097879166,1302.76884646364,5,rejected_low_thrust_margin,rejected_corrected_low_thrust_margin,rejected_corrected_low_thrust_margin
V05-0160_hybrid,selected_grid,selected_grid,battery_capacity_Wh=1e+06;cruise_ld=18;hybrid_mass_per_MW_kg=150;max_generator_power_W_total=2e+06;sea_level_static_thrust_N_per_engine=150000;total_electric_power_W=4e+06,adaptive_cycle_plus_hybrid_electric,12418.512532294228,-9.43765292510223,95228.93233306837,-228.9323330683692,-37945.69555148087,-0.6849192057589606,-158948.6913866143,-0.746637397731694,True,approach_landing,-37945.69555148087,-0.6849192057589606,True,False,True,False,0.0,False,False,False,7011.890338240176,1312.5067715019952,4,rejected_low_thrust_margin,rejected_corrected_low_thrust_margin,rejected_corrected_low_thrust_margin
V05-0161_hybrid,selected_grid,selected_grid,battery_capacity_Wh=1e+06;cruise_ld=18;hybrid_mass_per_MW_kg=400;max_generator_power_W_total=2e+06;sea_level_static_thrust_N_per_engine=150000;total_electric_power_W=4e+06,adaptive_cycle_plus_hybrid_electric,12537.829973875763,-8.567527173044901,96348.15985662218,-1348.15985662218,-38324.037545867795,-0.6870563191312363,-161697.707909434,-0.7498673823974344,True,approach_landing,-38324.037545867795,-0.6870563191312363,True,False,True,False,0.0,False,False,False,7177.773881771247,1329.2947010464663,4,rejected_low_thrust_margin,rejected_corrected_low_thrust_margin,rejected_corrected_low_thrust_margin
V05-0162_hybrid,selected_grid,selected_grid,battery_capacity_Wh=1e+06;cruise_ld=18;hybrid_mass_per_MW_kg=150;max_generator_power_W_total=6e+06;sea_level_static_thrust_N_per_engine=150000;total_electric_power_W=4e+06,adaptive_cycle_plus_hybrid_electric,12434.993473113325,-9.317465207072505,95245.3957824819,-245.39578248189355,-37950.71392063635,-0.6849477436598916,-174618.51921950647,-0.820103575045007,True,approach_landing,-37950.71392063635,-0.6849477436598916,True,False,True,False,0.0,False,False,False,10611.569831288545,1336.402178577575,5,rejected_low_thrust_margin,rejected_corrected_low_thrust_margin,rejected_corrected_low_thrust_margin
V05-0163_hybrid,selected_grid,selected_grid,battery_capacity_Wh=1e+06;cruise_ld=18;hybrid_mass_per_MW_kg=400;max_generator_power_W_total=6e+06;sea_level_static_thrust_N_per_engine=150000;total_electric_power_W=4e+06,adaptive_cycle_plus_hybrid_electric,12554.313350369885,-8.447321692787513,96364.6256653694,-1364.6256653694,-38329.11562756548,-0.6870848061771909,-177367.97109381598,-0.8223969493776361,True,approach_landing,-38329.11562756548,-0.6870848061771909,True,False,True,False,0.0,False,False,False,10862.569523685142,1353.2203259227624,5,rejected_low_thrust_margin,rejected_corrected_low_thrust_margin,rejected_corrected_low_thrust_margin
V05-0164_hybrid,selected_grid,selected_grid,battery_capacity_Wh=250000;cruise_ld=18;hybrid_mass_per_MW_kg=150;max_generator_power_W_total=2e+06;sea_level_static_thrust_N_per_engine=150000;total_electric_power_W=8e+06,adaptive_cycle_plus_hybrid_electric,12120.843039408743,-11.60841595796957,92531.44892959479,2468.551070405214,-37055.608894109864,-0.6797744459592623,-163085.0576771328,-0.8253996530783233,True,approach_landing,-37055.608894109864,-0.6797744459592623,True,False,True,True,1446094.3793569778,True,False,False,5976.72872518356,1358.3564021152417,8,rejected_low_thrust_margin,rejected_corrected_low_thrust_margin,rejected_corrected_low_thrust_margin
V05-0165_hybrid,selected_grid,selected_grid,battery_capacity_Wh=250000;cruise_ld=18;hybrid_mass_per_MW_kg=400;max_generator_power_W_total=2e+06;sea_level_static_thrust_N_per_engine=150000;total_electric_power_W=8e+06,adaptive_cycle_plus_hybrid_electric,12358.451130015077,-9.87565236705348,94768.88193266839,231.1180673316121,-37795.26279156832,-0.6840613346758985,-168458.92832426686,-0.8300226994194791,True,approach_landing,-37795.26279156832,-0.6840613346758985,True,False,True,True,1446094.3793569778,True,False,False,6269.43100496671,1393.4590696365128,8,rejected_low_thrust_margin,rejected_corrected_low_thrust_margin,rejected_corrected_low_thrust_margin
V05-0166_hybrid,selected_grid,selected_grid,battery_capacity_Wh=250000;cruise_ld=18;hybrid_mass_per_MW_kg=150;max_generator_power_W_total=6e+06;sea_level_static_thrust_N_per_engine=150000;total_electric_power_W=8e+06,adaptive_cycle_plus_hybrid_electric,12866.594933401577,-6.169999587255931,93272.38353368292,1727.6164663170784,-37081.962618573816,-0.6799291846641867,-154123.42934380195,-0.7176223078552275,True,approach_landing,-37081.962618573816,-0.6799291846641867,True,False,True,True,222248.2108285679,True,False,False,11996.636239937163,1216.4445784083202,9,rejected_low_thrust_margin,rejected_corrected_low_thrust_margin,rejected_corrected_low_thrust_margin
V05-0167_hybrid,selected_grid,selected_grid,battery_capacity_Wh=250000;cruise_ld=18;hybrid_mass_per_MW_kg=400;max_generator_power_W_total=6e+06;sea_level_static_thrust_N_per_engine=150000;total_electric_power_W=8e+06,adaptive_cycle_plus_hybrid_electric,13060.992853254918,-4.75234736500995,95466.65824736668,-466.65824736667855,-37821.09199744441,-0.6842089626051107,-159493.50517412004,-0.7245106157890121,True,approach_landing,-37821.09199744441,-0.6842089626051107,True,False,True,True,222248.2108285679,False,False,False,12568.057900807424,1248.6923457089165,9,rejected_low_thrust_margin,rejected_corrected_low_thrust_margin,rejected_corrected_low_thrust_margin
V05-0168_hybrid,selected_grid,selected_grid,battery_capacity_Wh=1e+06;cruise_ld=18;hybrid_mass_per_MW_kg=150;max_generator_power_W_total=2e+06;sea_level_static_thrust_N_per_engine=150000;total_electric_power_W=8e+06,adaptive_cycle_plus_hybrid_electric,12444.229380277426,-9.250112097916181,95854.50636181628,-854.5063618162822,-38170.85471009113,-0.6861945485378088,-161290.0613742171,-0.753923626867361,True,approach_landing,-38170.85471009113,-0.6861945485378088,True,False,True,True,950085.5040583595,False,False,False,6413.9741883594,1328.135441247912,8,rejected_low_thrust_margin,rejected_corrected_low_thrust_margin,rejected_corrected_low_thrust_margin
V05-0169_hybrid,selected_grid,selected_grid,battery_capacity_Wh=1e+06;cruise_ld=18;hybrid_mass_per_MW_kg=400;max_generator_power_W_total=2e+06;sea_level_static_thrust_N_per_engine=150000;total_electric_power_W=8e+06,adaptive_cycle_plus_hybrid_electric,12682.026021190992,-7.515973498655075,98092.1231347762,-3092.123134776193,-38937.32365480883,-0.6904596291164274,-166859.43519773084,-0.7601672208839513,True,approach_landing,-38937.32365480883,-0.6904596291164274,True,False,True,True,950085.5040583595,False,False,False,6717.093721713746,1361.8118843037078,8,rejected_low_thrust_margin,rejected_corrected_low_thrust_margin,rejected_corrected_low_thrust_margin
V05-0170_hybrid,selected_grid,selected_grid,battery_capacity_Wh=1e+06;cruise_ld=18;hybrid_mass_per_MW_kg=150;max_generator_power_W_total=6e+06;sea_level_static_thrust_N_per_engine=150000;total_electric_power_W=8e+06,adaptive_cycle_plus_hybrid_electric,13158.19181318159,-4.04352125388696,96563.79560420854,-1563.7956042085425,-38197.34421084049,-0.686343911484945,-146265.43401605278,-0.6562712808809587,True,approach_landing,-38197.34421084049,-0.686343911484945,True,False,True,False,0.0,False,False,False,12858.754040080905,1242.4884149129641,7,rejected_low_thrust_margin,rejected_corrected_low_thrust_margin,rejected_corrected_low_thrust_margin
V05-0171_hybrid,selected_grid,selected_grid,battery_capacity_Wh=1e+06;cruise_ld=18;hybrid_mass_per_MW_kg=400;max_generator_power_W_total=6e+06;sea_level_static_thrust_N_per_engine=150000;total_electric_power_W=8e+06,adaptive_cycle_plus_hybrid_electric,13352.589733034927,-2.6258690316410047,98758.0703178923,-3758.0703178922995,-38963.223685554236,-0.6906017278989937,-151830.53956029686,-0.6646450281661902,True,approach_landing,-38963.223685554236,-0.6906017278989937,True,False,True,False,0.0,False,False,False,13450.116936304586,1274.6665617116073,7,rejected_low_thrust_margin,rejected_corrected_low_thrust_margin,rejected_corrected_low_thrust_margin
